ResponseId,Duration (in seconds),PROLIFIC_PID,num_counterfactuals,info,CF,bias,agent-CF,acra_assigned,acra_display_order,factual_only_traj_display_order,traj_number,Alex_rating,AP5_rating,confidence,BFxCH_Alex_rating_traj,BFxCH_AP5_rating_traj,BFxCH_agreement,HPxCH_Alex_rating_traj,HPxCH_AP5_rating_traj,HPxCH_agreement,HPxTR_Alex_rating_traj,HPxTR_AP5_rating_traj,HPxTR_agreement,TRxCH_Alex_rating_traj,TRxCH_AP5_rating_traj,TRxCH_agreement,TRxTR_Alex_rating_traj,TRxTR_AP5_rating_traj,TRxTR_agreement,trajectory,"Please explain whether you found the wording of the questions to be clear, or you found anything else to be unclear in this survey.","If you have any other comments or any questions, please let us know here.",What is your age?,Which political party do you identify with: - Selected Choice,Which political party do you identify with: - Other (please specify): - Text,Do you identify as: - Selected Choice,Do you identify as: - Other (please specify): - Text,In what type of community do you live? (Check all that apply): - Selected Choice,In what type of community do you live? (Check all that apply): - Other (please specify): - Text,"50 States, D.C. and Puerto Rico",What is the highest level of school you have completed or the highest degree you have received?,Do you identify as:,Which religion do you practice? - Selected Choice,Which religion do you practice? - Some other religion (please specify): - Text
R_3aLj83JDDOYuWTh,206,67fa1e8b18d7972a02d01280,1,full,1-CF,1,0,BFxCH,factual-cf-agent0-full-biased_1-BFxCH-questions|factual-cf-agent0-full-biased_1-HPxCH-questions|FL_266|factual-cf-agent0-full-biased_1-HPxTR-questions|factual-cf-agent0-full-biased_1-TRxTR-questions|factual-cf-agent0-full-biased_1-TRxCH-questions,,traj-226,High Responsibility,Medium Responsibility,High confidence,1,1,0.5,1,1,0.5,1,1,0.5,1,1,0.5,1,1,0.5,226,no,good,30,Republican Party,,Female,,Suburban community,,Florida,Bachelor degree,White,Catholicism,
R_3aLj83JDDOYuWTh,206,67fa1e8b18d7972a02d01280,1,full,1-CF,1,0,HPxCH,factual-cf-agent0-full-biased_1-BFxCH-questions|factual-cf-agent0-full-biased_1-HPxCH-questions|FL_266|factual-cf-agent0-full-biased_1-HPxTR-questions|factual-cf-agent0-full-biased_1-TRxTR-questions|factual-cf-agent0-full-biased_1-TRxCH-questions,,traj-648,High Responsibility,Medium Responsibility,High confidence,1,1,0.5,1,0.5,1,1,1,0.5,0.5,0.5,0.5,1,1,0.5,648,no,good,31,Republican Party,,Female,,Suburban community,,Florida,Bachelor degree,White,Catholicism,
R_3aLj83JDDOYuWTh,206,67fa1e8b18d7972a02d01280,1,full,1-CF,1,0,HPxTR,factual-cf-agent0-full-biased_1-BFxCH-questions|factual-cf-agent0-full-biased_1-HPxCH-questions|FL_266|factual-cf-agent0-full-biased_1-HPxTR-questions|factual-cf-agent0-full-biased_1-TRxTR-questions|factual-cf-agent0-full-biased_1-TRxCH-questions,,traj-262,Medium Responsibility,High Responsibility,Medium confidence,0.5,1,1,0.5,1,1,0.5,1,1,0.5,1,1,0.5,1,1,262,no,good,32,Republican Party,,Female,,Suburban community,,Florida,Bachelor degree,White,Catholicism,
R_3aLj83JDDOYuWTh,206,67fa1e8b18d7972a02d01280,1,full,1-CF,1,0,TRxTR,factual-cf-agent0-full-biased_1-BFxCH-questions|factual-cf-agent0-full-biased_1-HPxCH-questions|FL_266|factual-cf-agent0-full-biased_1-HPxTR-questions|factual-cf-agent0-full-biased_1-TRxTR-questions|factual-cf-agent0-full-biased_1-TRxCH-questions,,traj-909,High Responsibility,Medium Responsibility,High confidence,1,1,0.5,1,1,0.5,1,1,0.5,1,1,0.5,1,1,0.5,909,no,good,33,Republican Party,,Female,,Suburban community,,Florida,Bachelor degree,White,Catholicism,
R_3aLj83JDDOYuWTh,206,67fa1e8b18d7972a02d01280,1,full,1-CF,1,0,TRxCH,factual-cf-agent0-full-biased_1-BFxCH-questions|factual-cf-agent0-full-biased_1-HPxCH-questions|FL_266|factual-cf-agent0-full-biased_1-HPxTR-questions|factual-cf-agent0-full-biased_1-TRxTR-questions|factual-cf-agent0-full-biased_1-TRxCH-questions,,traj-58,High Responsibility,Medium Responsibility,High confidence,1,0,0.5,1,0,0.5,1,0,0.5,1,0,0.5,1,0,0.5,58,no,good,34,Republican Party,,Female,,Suburban community,,Florida,Bachelor degree,White,Catholicism,
R_3c2y9ex7fT3rUHF,725,67f640fc3fbb277ce39c0bea,0,partial,factual,both,none,HPxTR,factual-partial-biased_both-HPxTR-questions|factual-partial-biased_both-TRxTR-questions|factual-partial-biased_both-BFxCH-questions|factual-partial-biased_both-HPxCH-questions|factual-partial-biased_both-TRxCH-questions|FL_282,,traj-233,Medium Responsibility,Medium Responsibility,High confidence,0.5,0.5,1,0.5,0.5,1,0.5,0.5,1,0.5,0.5,1,0.5,0.5,1,233,It was clear,No,30,Democratic Party,,Female,,City or urban community,,Tennessee,Bachelor degree,Black or African-American,Protestantism,
R_3c2y9ex7fT3rUHF,725,67f640fc3fbb277ce39c0bea,0,partial,factual,both,none,TRxTR,factual-partial-biased_both-HPxTR-questions|factual-partial-biased_both-TRxTR-questions|factual-partial-biased_both-BFxCH-questions|factual-partial-biased_both-HPxCH-questions|factual-partial-biased_both-TRxCH-questions|FL_282,,traj-203,Medium Responsibility,Medium Responsibility,High confidence,0,0,0,0,0,0,0,0,0,0,0,0,0,0,0,203,It was clear,No,31,Democratic Party,,Female,,City or urban community,,Tennessee,Bachelor degree,Black or African-American,Protestantism,
R_3c2y9ex7fT3rUHF,725,67f640fc3fbb277ce39c0bea,0,partial,factual,both,none,BFxCH,factual-partial-biased_both-HPxTR-questions|factual-partial-biased_both-TRxTR-questions|factual-partial-biased_both-BFxCH-questions|factual-partial-biased_both-HPxCH-questions|factual-partial-biased_both-TRxCH-questions|FL_282,,traj-83,Medium Responsibility,Medium Responsibility,High confidence,0.5,0.5,1,0.5,0.5,1,0.5,0.5,1,0.5,0.5,1,0.5,0.5,1,83,It was clear,No,32,Democratic Party,,Female,,City or urban community,,Tennessee,Bachelor degree,Black or African-American,Protestantism,
R_3c2y9ex7fT3rUHF,725,67f640fc3fbb277ce39c0bea,0,partial,factual,both,none,HPxCH,factual-partial-biased_both-HPxTR-questions|factual-partial-biased_both-TRxTR-questions|factual-partial-biased_both-BFxCH-questions|factual-partial-biased_both-HPxCH-questions|factual-partial-biased_both-TRxCH-questions|FL_282,,traj-612,Medium Responsibility,Low Responsibility,High confidence,0,0,0.5,0,0,0.5,0,0,0.5,0,0,0.5,0,0,0.5,612,It was clear,No,33,Democratic Party,,Female,,City or urban community,,Tennessee,Bachelor degree,Black or African-American,Protestantism,
R_3c2y9ex7fT3rUHF,725,67f640fc3fbb277ce39c0bea,0,partial,factual,both,none,TRxCH,factual-partial-biased_both-HPxTR-questions|factual-partial-biased_both-TRxTR-questions|factual-partial-biased_both-BFxCH-questions|factual-partial-biased_both-HPxCH-questions|factual-partial-biased_both-TRxCH-questions|FL_282,,traj-343,Medium Responsibility,Medium Responsibility,High confidence,0,0,0,0,0,0,0,0,0,0,0,0,0,0,0,343,It was clear,No,34,Democratic Party,,Female,,City or urban community,,Tennessee,Bachelor degree,Black or African-American,Protestantism,
R_7mJsNgMhSvHh80F,612,67f5f6a0da47b6f7f55c2488,2,full,2-CF,both,both,TRxTR,factual-cf-both-agents-full-biased_both-TRxTR-questions|FL_277|factual-cf-both-agents-full-biased_both-HPxCH-questions|factual-cf-both-agents-full-biased_both-BFxCH-questions|factual-cf-both-agents-full-biased_both-TRxCH-questions|factual-cf-both-agents-full-biased_both-HPxTR-questions,,traj-514-1,Medium Responsibility,Medium Responsibility,Medium confidence,1,1,0,1,1,0,1,1,0,1,1,0,1,1,0,514,The wording of the questions was clear,NO,40,Republican Party,,Male,,City or urban community,,Louisiana,Bachelor degree,White,Other Christian denomination,
R_7mJsNgMhSvHh80F,612,67f5f6a0da47b6f7f55c2488,2,full,2-CF,both,both,HPxCH,factual-cf-both-agents-full-biased_both-TRxTR-questions|FL_277|factual-cf-both-agents-full-biased_both-HPxCH-questions|factual-cf-both-agents-full-biased_both-BFxCH-questions|factual-cf-both-agents-full-biased_both-TRxCH-questions|factual-cf-both-agents-full-biased_both-HPxTR-questions,,traj-717,Medium Responsibility,Medium Responsibility,Medium confidence,0.5,0.5,1,0.5,0.5,1,0.5,0.5,1,0.5,0.5,1,0.5,0.5,1,717,The wording of the questions was clear,NO,41,Republican Party,,Male,,City or urban community,,Louisiana,Bachelor degree,White,Other Christian denomination,
R_7mJsNgMhSvHh80F,612,67f5f6a0da47b6f7f55c2488,2,full,2-CF,both,both,BFxCH,factual-cf-both-agents-full-biased_both-TRxTR-questions|FL_277|factual-cf-both-agents-full-biased_both-HPxCH-questions|factual-cf-both-agents-full-biased_both-BFxCH-questions|factual-cf-both-agents-full-biased_both-TRxCH-questions|factual-cf-both-agents-full-biased_both-HPxTR-questions,,traj-471-3,Medium Responsibility,Medium Responsibility,Medium confidence,0.5,0.5,1,0.5,0.5,1,0.5,0.5,1,0.5,0.5,1,0.5,0.5,1,471,The wording of the questions was clear,NO,42,Republican Party,,Male,,City or urban community,,Louisiana,Bachelor degree,White,Other Christian denomination,
R_7mJsNgMhSvHh80F,612,67f5f6a0da47b6f7f55c2488,2,full,2-CF,both,both,TRxCH,factual-cf-both-agents-full-biased_both-TRxTR-questions|FL_277|factual-cf-both-agents-full-biased_both-HPxCH-questions|factual-cf-both-agents-full-biased_both-BFxCH-questions|factual-cf-both-agents-full-biased_both-TRxCH-questions|factual-cf-both-agents-full-biased_both-HPxTR-questions,,traj-681-1,Medium Responsibility,Medium Responsibility,Medium confidence,0.5,0.5,1,0.5,0.5,1,0.5,0.5,1,0.5,0.5,1,0.5,0.5,1,681,The wording of the questions was clear,NO,43,Republican Party,,Male,,City or urban community,,Louisiana,Bachelor degree,White,Other Christian denomination,
R_7mJsNgMhSvHh80F,612,67f5f6a0da47b6f7f55c2488,2,full,2-CF,both,both,HPxTR,factual-cf-both-agents-full-biased_both-TRxTR-questions|FL_277|factual-cf-both-agents-full-biased_both-HPxCH-questions|factual-cf-both-agents-full-biased_both-BFxCH-questions|factual-cf-both-agents-full-biased_both-TRxCH-questions|factual-cf-both-agents-full-biased_both-HPxTR-questions,,traj-10,Medium Responsibility,Medium Responsibility,Medium confidence,1,1,0,1,1,0,1,1,0,1,1,0,1,1,0,10,The wording of the questions was clear,NO,44,Republican Party,,Male,,City or urban community,,Louisiana,Bachelor degree,White,Other Christian denomination,
R_1g8h6rVTinJnJNM,895,67f9affcf2f1cb6bac85c0c1,2,partial,2-CF,1,both,TRxTR,factual-cf-both-agents-partial-biased_1-TRxTR-questions|FL_256|factual-cf-both-agents-partial-biased_1-HPxTR-questions|factual-cf-both-agents-partial-biased_1-BFxCH-questions|factual-cf-both-agents-partial-biased_1-TRxCH-questions|factual-cf-both-agents-partial-biased_1-HPxCH-questions,,traj-228-1,Medium Responsibility,Medium Responsibility,Medium confidence,1,1,0,1,1,0,1,1,0,0.5,0.5,1,1,1,0,228,I found it clear enough,,51,Democratic Party,,Female,,City or urban community,,Mississippi,Graduate degree,White,Catholicism,
R_1g8h6rVTinJnJNM,895,67f9affcf2f1cb6bac85c0c1,2,partial,2-CF,1,both,HPxTR,factual-cf-both-agents-partial-biased_1-TRxTR-questions|FL_256|factual-cf-both-agents-partial-biased_1-HPxTR-questions|factual-cf-both-agents-partial-biased_1-BFxCH-questions|factual-cf-both-agents-partial-biased_1-TRxCH-questions|factual-cf-both-agents-partial-biased_1-HPxCH-questions,,traj-461-1,Medium Responsibility,Medium Responsibility,Medium confidence,0.5,1,0.5,0.5,1,0.5,0.5,1,0.5,0.5,0.5,1,0.5,1,0.5,461,I found it clear enough,,52,Democratic Party,,Female,,City or urban community,,Mississippi,Graduate degree,White,Catholicism,
R_1g8h6rVTinJnJNM,895,67f9affcf2f1cb6bac85c0c1,2,partial,2-CF,1,both,BFxCH,factual-cf-both-agents-partial-biased_1-TRxTR-questions|FL_256|factual-cf-both-agents-partial-biased_1-HPxTR-questions|factual-cf-both-agents-partial-biased_1-BFxCH-questions|factual-cf-both-agents-partial-biased_1-TRxCH-questions|factual-cf-both-agents-partial-biased_1-HPxCH-questions,,traj-935,Low Responsibility,Medium Responsibility,Low confidence,1,1,0,1,1,0,1,1,0,1,1,0,1,1,0,935,I found it clear enough,,53,Democratic Party,,Female,,City or urban community,,Mississippi,Graduate degree,White,Catholicism,
R_1g8h6rVTinJnJNM,895,67f9affcf2f1cb6bac85c0c1,2,partial,2-CF,1,both,TRxCH,factual-cf-both-agents-partial-biased_1-TRxTR-questions|FL_256|factual-cf-both-agents-partial-biased_1-HPxTR-questions|factual-cf-both-agents-partial-biased_1-BFxCH-questions|factual-cf-both-agents-partial-biased_1-TRxCH-questions|factual-cf-both-agents-partial-biased_1-HPxCH-questions,,traj-977,Medium Responsibility,Medium Responsibility,Medium confidence,0.5,0.5,1,0.5,0.5,1,0.5,0.5,1,0.5,0.5,1,0.5,0.5,1,977,I found it clear enough,,54,Democratic Party,,Female,,City or urban community,,Mississippi,Graduate degree,White,Catholicism,
R_1g8h6rVTinJnJNM,895,67f9affcf2f1cb6bac85c0c1,2,partial,2-CF,1,both,HPxCH,factual-cf-both-agents-partial-biased_1-TRxTR-questions|FL_256|factual-cf-both-agents-partial-biased_1-HPxTR-questions|factual-cf-both-agents-partial-biased_1-BFxCH-questions|factual-cf-both-agents-partial-biased_1-TRxCH-questions|factual-cf-both-agents-partial-biased_1-HPxCH-questions,,traj-739,Medium Responsibility,Low Responsibility,Medium confidence,0.5,1,0.5,0.5,1,0.5,0.5,1,0.5,0.5,0.5,0.5,0.5,1,0.5,739,I found it clear enough,,55,Democratic Party,,Female,,City or urban community,,Mississippi,Graduate degree,White,Catholicism,
R_15BD0OHIEjozpBL,974,67f76224b2a22cfdf347e2fe,0,full,factual,1,none, ,factual-full-biased_1-questions,659-1|QID777|975|QID778|227-1|QID779|859|QID780|85|QID781,659-1,Medium Responsibility,Medium Responsibility,Medium confidence,1,1,0,1,1,0,1,1,0,1,1,0,1,1,0,659,No everything was clear.,No comment. I indeed enjoy the study,33,Independent,,Female,,City or urban community,,Arkansas,Bachelor degree,White,Catholicism,
R_15BD0OHIEjozpBL,974,67f76224b2a22cfdf347e2fe,0,full,factual,1,none, ,factual-full-biased_1-questions,659-1|QID777|975|QID778|227-1|QID779|859|QID780|85|QID781,975,Medium Responsibility,Medium Responsibility,Medium confidence,1,1,0,1,1,0,1,1,0,1,1,0,1,1,0,975,No everything was clear.,No comment. I indeed enjoy the study,34,Independent,,Female,,City or urban community,,Arkansas,Bachelor degree,White,Catholicism,
R_15BD0OHIEjozpBL,974,67f76224b2a22cfdf347e2fe,0,full,factual,1,none, ,factual-full-biased_1-questions,659-1|QID777|975|QID778|227-1|QID779|859|QID780|85|QID781,227-1,Medium Responsibility,Medium Responsibility,Medium confidence,1,1,0,1,1,0,1,1,0,1,1,0,1,1,0,227,No everything was clear.,No comment. I indeed enjoy the study,35,Independent,,Female,,City or urban community,,Arkansas,Bachelor degree,White,Catholicism,
R_15BD0OHIEjozpBL,974,67f76224b2a22cfdf347e2fe,0,full,factual,1,none, ,factual-full-biased_1-questions,659-1|QID777|975|QID778|227-1|QID779|859|QID780|85|QID781,859,Medium Responsibility,Medium Responsibility,Medium confidence,1,1,0,1,1,0,1,1,0,0.5,0.5,1,1,1,0,859,No everything was clear.,No comment. I indeed enjoy the study,36,Independent,,Female,,City or urban community,,Arkansas,Bachelor degree,White,Catholicism,
R_15BD0OHIEjozpBL,974,67f76224b2a22cfdf347e2fe,0,full,factual,1,none, ,factual-full-biased_1-questions,659-1|QID777|975|QID778|227-1|QID779|859|QID780|85|QID781,85,Medium Responsibility,Medium Responsibility,Medium confidence,1,1,0,1,1,0,1,1,0,1,1,0,1,1,0,85,No everything was clear.,No comment. I indeed enjoy the study,37,Independent,,Female,,City or urban community,,Arkansas,Bachelor degree,White,Catholicism,
R_5SSflMjQZTYtRv3,918,67f88b3b04dd4fc5191ddd1b,2,full,2-CF,0,both,TRxCH,factual-cf-both-agents-full-biased_0-TRxCH-questions|factual-cf-both-agents-full-biased_0-TRxTR-questions|factual-cf-both-agents-full-biased_0-BFxCH-questions|FL_275|factual-cf-both-agents-full-biased_0-HPxCH-questions|factual-cf-both-agents-full-biased_0-HPxTR-questions,,traj-596,Medium Responsibility,High Responsibility,Medium confidence,1,1,0.5,0.5,1,1,1,1,0.5,0.5,0.5,0.5,1,1,0.5,596,,,,,,,,,,,,,,
R_5SSflMjQZTYtRv3,918,67f88b3b04dd4fc5191ddd1b,2,full,2-CF,0,both,TRxTR,factual-cf-both-agents-full-biased_0-TRxCH-questions|factual-cf-both-agents-full-biased_0-TRxTR-questions|factual-cf-both-agents-full-biased_0-BFxCH-questions|FL_275|factual-cf-both-agents-full-biased_0-HPxCH-questions|factual-cf-both-agents-full-biased_0-HPxTR-questions,,traj-352-1,Medium Responsibility,High Responsibility,High confidence,1,1,0.5,1,1,0.5,1,1,0.5,0.5,1,1,1,1,0.5,352,,,,,,,,,,,,,,
R_5SSflMjQZTYtRv3,918,67f88b3b04dd4fc5191ddd1b,2,full,2-CF,0,both,BFxCH,factual-cf-both-agents-full-biased_0-TRxCH-questions|factual-cf-both-agents-full-biased_0-TRxTR-questions|factual-cf-both-agents-full-biased_0-BFxCH-questions|FL_275|factual-cf-both-agents-full-biased_0-HPxCH-questions|factual-cf-both-agents-full-biased_0-HPxTR-questions,,traj-897,Medium Responsibility,Medium Responsibility,High confidence,1,1,0,1,1,0,1,1,0,0.5,0.5,1,1,1,0,897,,,,,,,,,,,,,,
R_5SSflMjQZTYtRv3,918,67f88b3b04dd4fc5191ddd1b,2,full,2-CF,0,both,HPxCH,factual-cf-both-agents-full-biased_0-TRxCH-questions|factual-cf-both-agents-full-biased_0-TRxTR-questions|factual-cf-both-agents-full-biased_0-BFxCH-questions|FL_275|factual-cf-both-agents-full-biased_0-HPxCH-questions|factual-cf-both-agents-full-biased_0-HPxTR-questions,,traj-609-2,Medium Responsibility,Low Responsibility,Medium confidence,1,0.5,0,1,0.5,0,1,0.5,0,0.5,0.5,0.5,1,0.5,0,609,,,,,,,,,,,,,,
R_5SSflMjQZTYtRv3,918,67f88b3b04dd4fc5191ddd1b,2,full,2-CF,0,both,HPxTR,factual-cf-both-agents-full-biased_0-TRxCH-questions|factual-cf-both-agents-full-biased_0-TRxTR-questions|factual-cf-both-agents-full-biased_0-BFxCH-questions|FL_275|factual-cf-both-agents-full-biased_0-HPxCH-questions|factual-cf-both-agents-full-biased_0-HPxTR-questions,,traj-81,Medium Responsibility,High Responsibility,High confidence,0.5,0.5,0.5,0.5,0.5,0.5,0.5,0.5,0.5,0.5,0.5,0.5,0.5,0.5,0.5,81,,,,,,,,,,,,,,
R_5tbTXb1Qri5baLW,1133,67f8c9644507f76b22654217,1,full,1-CF,none,0,TRxTR,factual-cf-agent0-full-biased_none-TRxTR-questions|factual-cf-agent0-full-biased_none-HPxTR-questions|factual-cf-agent0-full-biased_none-TRxCH-questions|factual-cf-agent0-full-biased_none-BFxCH-questions|FL_268|factual-cf-agent0-full-biased_none-HPxCH-questions,,traj-93,High Responsibility,Medium Responsibility,High confidence,1,1,0.5,1,1,0.5,1,1,0.5,1,1,0.5,1,1,0.5,93,it was clear enough,none,27,Republican Party,,Female,,City or urban community,,Georgia,Graduate degree,Black or African-American,Other Christian denomination,
R_5tbTXb1Qri5baLW,1133,67f8c9644507f76b22654217,1,full,1-CF,none,0,HPxTR,factual-cf-agent0-full-biased_none-TRxTR-questions|factual-cf-agent0-full-biased_none-HPxTR-questions|factual-cf-agent0-full-biased_none-TRxCH-questions|factual-cf-agent0-full-biased_none-BFxCH-questions|FL_268|factual-cf-agent0-full-biased_none-HPxCH-questions,,traj-490,High Responsibility,Medium Responsibility,Medium confidence,1,1,0.5,1,1,0.5,1,1,0.5,1,1,0.5,1,1,0.5,490,it was clear enough,none,28,Republican Party,,Female,,City or urban community,,Georgia,Graduate degree,Black or African-American,Other Christian denomination,
R_5tbTXb1Qri5baLW,1133,67f8c9644507f76b22654217,1,full,1-CF,none,0,TRxCH,factual-cf-agent0-full-biased_none-TRxTR-questions|factual-cf-agent0-full-biased_none-HPxTR-questions|factual-cf-agent0-full-biased_none-TRxCH-questions|factual-cf-agent0-full-biased_none-BFxCH-questions|FL_268|factual-cf-agent0-full-biased_none-HPxCH-questions,,traj-294,Medium Responsibility,Medium Responsibility,Medium confidence,1,1,0,1,1,0,1,1,0,1,1,0,1,1,0,294,it was clear enough,none,29,Republican Party,,Female,,City or urban community,,Georgia,Graduate degree,Black or African-American,Other Christian denomination,
R_5tbTXb1Qri5baLW,1133,67f8c9644507f76b22654217,1,full,1-CF,none,0,BFxCH,factual-cf-agent0-full-biased_none-TRxTR-questions|factual-cf-agent0-full-biased_none-HPxTR-questions|factual-cf-agent0-full-biased_none-TRxCH-questions|factual-cf-agent0-full-biased_none-BFxCH-questions|FL_268|factual-cf-agent0-full-biased_none-HPxCH-questions,,traj-324,Medium Responsibility,High Responsibility,Medium confidence,1,1,0.5,1,1,0.5,1,1,0.5,0.5,0.5,0.5,1,1,0.5,324,it was clear enough,none,30,Republican Party,,Female,,City or urban community,,Georgia,Graduate degree,Black or African-American,Other Christian denomination,
R_5tbTXb1Qri5baLW,1133,67f8c9644507f76b22654217,1,full,1-CF,none,0,HPxCH,factual-cf-agent0-full-biased_none-TRxTR-questions|factual-cf-agent0-full-biased_none-HPxTR-questions|factual-cf-agent0-full-biased_none-TRxCH-questions|factual-cf-agent0-full-biased_none-BFxCH-questions|FL_268|factual-cf-agent0-full-biased_none-HPxCH-questions,,traj-389,Low Responsibility,High Responsibility,Medium confidence,1,1,0.5,1,1,0.5,1,1,0.5,1,1,0.5,1,1,0.5,389,it was clear enough,none,31,Republican Party,,Female,,City or urban community,,Georgia,Graduate degree,Black or African-American,Other Christian denomination,
R_1hXaqPbNOW7YuIT,1586,67f9026f16fad86a6808530f,1,full,1-CF,none,1,BFxCH,factual-cf-agent1-full-biased_none-BFxCH-questions|factual-cf-agent1-full-biased_none-HPxCH-questions|factual-cf-agent1-full-biased_none-HPxTR-questions|factual-cf-agent1-full-biased_none-TRxTR-questions|FL_273|factual-cf-agent1-full-biased_none-TRxCH-questions,,traj-681,High Responsibility,Medium Responsibility,High confidence,1,1,0.5,1,1,0.5,1,1,0.5,1,1,0.5,1,1,0.5,681,Everything is clear,,31,Democratic Party,,Male,,City or urban community,,Pennsylvania,Bachelor degree,White,Catholicism,
R_1hXaqPbNOW7YuIT,1586,67f9026f16fad86a6808530f,1,full,1-CF,none,1,HPxCH,factual-cf-agent1-full-biased_none-BFxCH-questions|factual-cf-agent1-full-biased_none-HPxCH-questions|factual-cf-agent1-full-biased_none-HPxTR-questions|factual-cf-agent1-full-biased_none-TRxTR-questions|FL_273|factual-cf-agent1-full-biased_none-TRxCH-questions,,traj-143,Medium Responsibility,High Responsibility,High confidence,1,1,0.5,1,1,0.5,1,1,0.5,1,1,0.5,1,1,0.5,143,Everything is clear,,32,Democratic Party,,Male,,City or urban community,,Pennsylvania,Bachelor degree,White,Catholicism,
R_1hXaqPbNOW7YuIT,1586,67f9026f16fad86a6808530f,1,full,1-CF,none,1,HPxTR,factual-cf-agent1-full-biased_none-BFxCH-questions|factual-cf-agent1-full-biased_none-HPxCH-questions|factual-cf-agent1-full-biased_none-HPxTR-questions|factual-cf-agent1-full-biased_none-TRxTR-questions|FL_273|factual-cf-agent1-full-biased_none-TRxCH-questions,,traj-363,Medium Responsibility,Low Responsibility,High confidence,1,1,0,1,1,0,1,1,0,1,1,0,1,1,0,363,Everything is clear,,33,Democratic Party,,Male,,City or urban community,,Pennsylvania,Bachelor degree,White,Catholicism,
R_1hXaqPbNOW7YuIT,1586,67f9026f16fad86a6808530f,1,full,1-CF,none,1,TRxTR,factual-cf-agent1-full-biased_none-BFxCH-questions|factual-cf-agent1-full-biased_none-HPxCH-questions|factual-cf-agent1-full-biased_none-HPxTR-questions|factual-cf-agent1-full-biased_none-TRxTR-questions|FL_273|factual-cf-agent1-full-biased_none-TRxCH-questions,,traj-452-1,Medium Responsibility,Medium Responsibility,Medium confidence,1,1,0,1,1,0,1,1,0,1,1,0,1,1,0,452,Everything is clear,,34,Democratic Party,,Male,,City or urban community,,Pennsylvania,Bachelor degree,White,Catholicism,
R_1hXaqPbNOW7YuIT,1586,67f9026f16fad86a6808530f,1,full,1-CF,none,1,TRxCH,factual-cf-agent1-full-biased_none-BFxCH-questions|factual-cf-agent1-full-biased_none-HPxCH-questions|factual-cf-agent1-full-biased_none-HPxTR-questions|factual-cf-agent1-full-biased_none-TRxTR-questions|FL_273|factual-cf-agent1-full-biased_none-TRxCH-questions,,traj-16,Low Responsibility,Medium Responsibility,Medium confidence,1,1,0,1,1,0,1,1,0,1,1,0,1,1,0,16,Everything is clear,,35,Democratic Party,,Male,,City or urban community,,Pennsylvania,Bachelor degree,White,Catholicism,
R_3eG7ysnPZNgg9ON,960,67618eed7ae5d64ffd014b50,1,partial,1-CF,none,1,HPxTR,factual-cf-agent1-partial-biased_none-HPxTR-questions|FL_263|factual-cf-agent1-partial-biased_none-TRxTR-questions|factual-cf-agent1-partial-biased_none-BFxCH-questions|factual-cf-agent1-partial-biased_none-TRxCH-questions|factual-cf-agent1-partial-biased_none-HPxCH-questions,,traj-50,Low Responsibility,Medium Responsibility,High confidence,1,1,0,1,1,0,1,1,0,1,1,0,1,1,0,50,Yes everything was clear,,32,Republican Party,,Female,,City or urban community,,North Carolina,Bachelor degree,White,Catholicism,
R_3eG7ysnPZNgg9ON,960,67618eed7ae5d64ffd014b50,1,partial,1-CF,none,1,TRxTR,factual-cf-agent1-partial-biased_none-HPxTR-questions|FL_263|factual-cf-agent1-partial-biased_none-TRxTR-questions|factual-cf-agent1-partial-biased_none-BFxCH-questions|factual-cf-agent1-partial-biased_none-TRxCH-questions|factual-cf-agent1-partial-biased_none-HPxCH-questions,,traj-238-1,Low Responsibility,High Responsibility,High confidence,1,1,0.5,1,1,0.5,1,1,0.5,1,1,0.5,1,1,0.5,238,Yes everything was clear,,33,Republican Party,,Female,,City or urban community,,North Carolina,Bachelor degree,White,Catholicism,
R_3eG7ysnPZNgg9ON,960,67618eed7ae5d64ffd014b50,1,partial,1-CF,none,1,BFxCH,factual-cf-agent1-partial-biased_none-HPxTR-questions|FL_263|factual-cf-agent1-partial-biased_none-TRxTR-questions|factual-cf-agent1-partial-biased_none-BFxCH-questions|factual-cf-agent1-partial-biased_none-TRxCH-questions|factual-cf-agent1-partial-biased_none-HPxCH-questions,,traj-624,Low Responsibility,High Responsibility,High confidence,1,1,0.5,1,1,0.5,1,1,0.5,1,1,0.5,1,1,0.5,624,Yes everything was clear,,34,Republican Party,,Female,,City or urban community,,North Carolina,Bachelor degree,White,Catholicism,
R_3eG7ysnPZNgg9ON,960,67618eed7ae5d64ffd014b50,1,partial,1-CF,none,1,TRxCH,factual-cf-agent1-partial-biased_none-HPxTR-questions|FL_263|factual-cf-agent1-partial-biased_none-TRxTR-questions|factual-cf-agent1-partial-biased_none-BFxCH-questions|factual-cf-agent1-partial-biased_none-TRxCH-questions|factual-cf-agent1-partial-biased_none-HPxCH-questions,,traj-184-1,Low Responsibility,Medium Responsibility,High confidence,1,1,0,1,1,0,1,1,0,1,1,0,1,1,0,184,Yes everything was clear,,35,Republican Party,,Female,,City or urban community,,North Carolina,Bachelor degree,White,Catholicism,
R_3eG7ysnPZNgg9ON,960,67618eed7ae5d64ffd014b50,1,partial,1-CF,none,1,HPxCH,factual-cf-agent1-partial-biased_none-HPxTR-questions|FL_263|factual-cf-agent1-partial-biased_none-TRxTR-questions|factual-cf-agent1-partial-biased_none-BFxCH-questions|factual-cf-agent1-partial-biased_none-TRxCH-questions|factual-cf-agent1-partial-biased_none-HPxCH-questions,,traj-97,High Responsibility,Medium Responsibility,High confidence,1,1,0.5,1,1,0.5,1,1,0.5,1,1,0.5,1,1,0.5,97,Yes everything was clear,,36,Republican Party,,Female,,City or urban community,,North Carolina,Bachelor degree,White,Catholicism,
R_7aHEEJIaDgFBgBP,1757,67f8e67414e2185fcc06fdb0,1,partial,1-CF,none,0,HPxTR,factual-cf-agent0-partial-biased_none-HPxTR-questions|FL_253|factual-cf-agent0-partial-biased_none-TRxTR-questions|factual-cf-agent0-partial-biased_none-TRxCH-questions|factual-cf-agent0-partial-biased_none-BFxCH-questions|factual-cf-agent0-partial-biased_none-HPxCH-questions,,traj-775,Low Responsibility,Medium Responsibility,Medium confidence,1,1,0,1,1,0,1,1,0,1,1,0,1,1,0,775,the wordings were clear,no further comments. Thanks,21,Republican Party,,Male,,Suburban community,,Virginia,Bachelor degree,Black or African-American,Protestantism,
R_7aHEEJIaDgFBgBP,1757,67f8e67414e2185fcc06fdb0,1,partial,1-CF,none,0,TRxTR,factual-cf-agent0-partial-biased_none-HPxTR-questions|FL_253|factual-cf-agent0-partial-biased_none-TRxTR-questions|factual-cf-agent0-partial-biased_none-TRxCH-questions|factual-cf-agent0-partial-biased_none-BFxCH-questions|factual-cf-agent0-partial-biased_none-HPxCH-questions,,traj-9,Medium Responsibility,Low Responsibility,Medium confidence,1,1,0,1,1,0,1,1,0,1,1,0,1,1,0,9,the wordings were clear,no further comments. Thanks,22,Republican Party,,Male,,Suburban community,,Virginia,Bachelor degree,Black or African-American,Protestantism,
R_7aHEEJIaDgFBgBP,1757,67f8e67414e2185fcc06fdb0,1,partial,1-CF,none,0,TRxCH,factual-cf-agent0-partial-biased_none-HPxTR-questions|FL_253|factual-cf-agent0-partial-biased_none-TRxTR-questions|factual-cf-agent0-partial-biased_none-TRxCH-questions|factual-cf-agent0-partial-biased_none-BFxCH-questions|factual-cf-agent0-partial-biased_none-HPxCH-questions,,traj-132,Low Responsibility,Low Responsibility,Medium confidence,1,1,0,1,1,0,1,1,0,1,1,0,1,1,0,132,the wordings were clear,no further comments. Thanks,23,Republican Party,,Male,,Suburban community,,Virginia,Bachelor degree,Black or African-American,Protestantism,
R_7aHEEJIaDgFBgBP,1757,67f8e67414e2185fcc06fdb0,1,partial,1-CF,none,0,BFxCH,factual-cf-agent0-partial-biased_none-HPxTR-questions|FL_253|factual-cf-agent0-partial-biased_none-TRxTR-questions|factual-cf-agent0-partial-biased_none-TRxCH-questions|factual-cf-agent0-partial-biased_none-BFxCH-questions|factual-cf-agent0-partial-biased_none-HPxCH-questions,,traj-864-1,Low Responsibility,Low Responsibility,Medium confidence,1,1,0,1,1,0,1,1,0,1,1,0,1,1,0,864,the wordings were clear,no further comments. Thanks,24,Republican Party,,Male,,Suburban community,,Virginia,Bachelor degree,Black or African-American,Protestantism,
R_7aHEEJIaDgFBgBP,1757,67f8e67414e2185fcc06fdb0,1,partial,1-CF,none,0,HPxCH,factual-cf-agent0-partial-biased_none-HPxTR-questions|FL_253|factual-cf-agent0-partial-biased_none-TRxTR-questions|factual-cf-agent0-partial-biased_none-TRxCH-questions|factual-cf-agent0-partial-biased_none-BFxCH-questions|factual-cf-agent0-partial-biased_none-HPxCH-questions,,traj-134,Medium Responsibility,Low Responsibility,Medium confidence,1,1,0,1,1,0,1,1,0,1,1,0,1,1,0,134,the wordings were clear,no further comments. Thanks,25,Republican Party,,Male,,Suburban community,,Virginia,Bachelor degree,Black or African-American,Protestantism,
R_18Uj2MBpasih9hT,1041,67eecbd7a0c98bad9a91d0c0,0,partial,factual,0,none,TRxTR,factual-partial-biased_0-TRxTR-questions|FL_280|factual-partial-biased_0-HPxCH-questions|factual-partial-biased_0-TRxCH-questions|factual-partial-biased_0-HPxTR-questions|factual-partial-biased_0-BFxCH-questions,,traj-875,Medium Responsibility,High Responsibility,High confidence,0.5,0.5,0.5,0.5,0.5,0.5,0.5,0.5,0.5,0.5,0.5,0.5,0.5,0.5,0.5,875,"The questions are well-structured and easy to understand. They clearly ask respondents to assess the degree of responsibility each player (Alex and AP-5) had in Team A's loss. The use of a Likert scale (Low, Medium, High) for both players allows for nuanced responses. Additionally, the inclusion of a confidence level scale (Low, Medium, High) is a thoughtful touch, as it provides insight into the respondent's certainty regarding their assessments.",Excellent.,36,Democratic Party,,Female,,City or urban community,,Florida,Bachelor degree,White,Other Christian denomination,
R_18Uj2MBpasih9hT,1041,67eecbd7a0c98bad9a91d0c0,0,partial,factual,0,none,HPxCH,factual-partial-biased_0-TRxTR-questions|FL_280|factual-partial-biased_0-HPxCH-questions|factual-partial-biased_0-TRxCH-questions|factual-partial-biased_0-HPxTR-questions|factual-partial-biased_0-BFxCH-questions,,traj-732,Low Responsibility,Medium Responsibility,High confidence,1,1,0,1,1,0,1,1,0,0.5,0.5,0.5,1,1,0,732,"The questions are well-structured and easy to understand. They clearly ask respondents to assess the degree of responsibility each player (Alex and AP-5) had in Team A's loss. The use of a Likert scale (Low, Medium, High) for both players allows for nuanced responses. Additionally, the inclusion of a confidence level scale (Low, Medium, High) is a thoughtful touch, as it provides insight into the respondent's certainty regarding their assessments.",Excellent.,37,Democratic Party,,Female,,City or urban community,,Florida,Bachelor degree,White,Other Christian denomination,
R_18Uj2MBpasih9hT,1041,67eecbd7a0c98bad9a91d0c0,0,partial,factual,0,none,TRxCH,factual-partial-biased_0-TRxTR-questions|FL_280|factual-partial-biased_0-HPxCH-questions|factual-partial-biased_0-TRxCH-questions|factual-partial-biased_0-HPxTR-questions|factual-partial-biased_0-BFxCH-questions,,traj-55-1,Medium Responsibility,High Responsibility,High confidence,1,0,0,1,0,0,1,0,0,1,0,0,1,0,0,55,"The questions are well-structured and easy to understand. They clearly ask respondents to assess the degree of responsibility each player (Alex and AP-5) had in Team A's loss. The use of a Likert scale (Low, Medium, High) for both players allows for nuanced responses. Additionally, the inclusion of a confidence level scale (Low, Medium, High) is a thoughtful touch, as it provides insight into the respondent's certainty regarding their assessments.",Excellent.,38,Democratic Party,,Female,,City or urban community,,Florida,Bachelor degree,White,Other Christian denomination,
R_18Uj2MBpasih9hT,1041,67eecbd7a0c98bad9a91d0c0,0,partial,factual,0,none,HPxTR,factual-partial-biased_0-TRxTR-questions|FL_280|factual-partial-biased_0-HPxCH-questions|factual-partial-biased_0-TRxCH-questions|factual-partial-biased_0-HPxTR-questions|factual-partial-biased_0-BFxCH-questions,,traj-383,Medium Responsibility,High Responsibility,High confidence,1,0.5,0,1,0.5,0,1,0.5,0,1,0.5,0,1,0.5,0,383,"The questions are well-structured and easy to understand. They clearly ask respondents to assess the degree of responsibility each player (Alex and AP-5) had in Team A's loss. The use of a Likert scale (Low, Medium, High) for both players allows for nuanced responses. Additionally, the inclusion of a confidence level scale (Low, Medium, High) is a thoughtful touch, as it provides insight into the respondent's certainty regarding their assessments.",Excellent.,39,Democratic Party,,Female,,City or urban community,,Florida,Bachelor degree,White,Other Christian denomination,
R_18Uj2MBpasih9hT,1041,67eecbd7a0c98bad9a91d0c0,0,partial,factual,0,none,BFxCH,factual-partial-biased_0-TRxTR-questions|FL_280|factual-partial-biased_0-HPxCH-questions|factual-partial-biased_0-TRxCH-questions|factual-partial-biased_0-HPxTR-questions|factual-partial-biased_0-BFxCH-questions,,traj-112,High Responsibility,Medium Responsibility,High confidence,0.5,0.5,0.5,0.5,0.5,0.5,0.5,0.5,0.5,0.5,0.5,0.5,0.5,0.5,0.5,112,"The questions are well-structured and easy to understand. They clearly ask respondents to assess the degree of responsibility each player (Alex and AP-5) had in Team A's loss. The use of a Likert scale (Low, Medium, High) for both players allows for nuanced responses. Additionally, the inclusion of a confidence level scale (Low, Medium, High) is a thoughtful touch, as it provides insight into the respondent's certainty regarding their assessments.",Excellent.,40,Democratic Party,,Female,,City or urban community,,Florida,Bachelor degree,White,Other Christian denomination,
R_8iL57UVzl4cnWAq,2048,67f3e82ff9d45a61c19aff4e,1,partial,1-CF,both,1,TRxCH,factual-cf-agent1-partial-biased_both-TRxCH-questions|FL_262|factual-cf-agent1-partial-biased_both-HPxTR-questions|factual-cf-agent1-partial-biased_both-HPxCH-questions|factual-cf-agent1-partial-biased_both-TRxTR-questions|factual-cf-agent1-partial-biased_both-BFxCH-questions,,traj-892-1,High Responsibility,Low Responsibility,High confidence,1,1,0.5,1,1,0.5,1,1,0.5,1,1,0.5,1,1,0.5,892,the questions were clear,It was an engaging study.,26,Independent,,Female,,Suburban community,,California,Bachelor degree,Black or African-American,Protestantism,
R_8iL57UVzl4cnWAq,2048,67f3e82ff9d45a61c19aff4e,1,partial,1-CF,both,1,HPxTR,factual-cf-agent1-partial-biased_both-TRxCH-questions|FL_262|factual-cf-agent1-partial-biased_both-HPxTR-questions|factual-cf-agent1-partial-biased_both-HPxCH-questions|factual-cf-agent1-partial-biased_both-TRxTR-questions|factual-cf-agent1-partial-biased_both-BFxCH-questions,,traj-345-2,Low Responsibility,Low Responsibility,Medium confidence,0.5,0.5,0,0.5,0.5,0,0.5,0.5,0,0.5,0.5,0,0.5,0.5,0,345,the questions were clear,It was an engaging study.,27,Independent,,Female,,Suburban community,,California,Bachelor degree,Black or African-American,Protestantism,
R_8iL57UVzl4cnWAq,2048,67f3e82ff9d45a61c19aff4e,1,partial,1-CF,both,1,HPxCH,factual-cf-agent1-partial-biased_both-TRxCH-questions|FL_262|factual-cf-agent1-partial-biased_both-HPxTR-questions|factual-cf-agent1-partial-biased_both-HPxCH-questions|factual-cf-agent1-partial-biased_both-TRxTR-questions|factual-cf-agent1-partial-biased_both-BFxCH-questions,,traj-384,Medium Responsibility,Medium Responsibility,Medium confidence,0.5,0.5,1,0.5,0.5,1,0.5,0.5,1,0.5,0.5,1,0.5,0.5,1,384,the questions were clear,It was an engaging study.,28,Independent,,Female,,Suburban community,,California,Bachelor degree,Black or African-American,Protestantism,
R_8iL57UVzl4cnWAq,2048,67f3e82ff9d45a61c19aff4e,1,partial,1-CF,both,1,TRxTR,factual-cf-agent1-partial-biased_both-TRxCH-questions|FL_262|factual-cf-agent1-partial-biased_both-HPxTR-questions|factual-cf-agent1-partial-biased_both-HPxCH-questions|factual-cf-agent1-partial-biased_both-TRxTR-questions|factual-cf-agent1-partial-biased_both-BFxCH-questions,,traj-234,Low Responsibility,Low Responsibility,Medium confidence,0.5,0.5,0,0.5,0.5,0,0.5,0.5,0,0.5,0.5,0,0.5,0.5,0,234,the questions were clear,It was an engaging study.,29,Independent,,Female,,Suburban community,,California,Bachelor degree,Black or African-American,Protestantism,
R_8iL57UVzl4cnWAq,2048,67f3e82ff9d45a61c19aff4e,1,partial,1-CF,both,1,BFxCH,factual-cf-agent1-partial-biased_both-TRxCH-questions|FL_262|factual-cf-agent1-partial-biased_both-HPxTR-questions|factual-cf-agent1-partial-biased_both-HPxCH-questions|factual-cf-agent1-partial-biased_both-TRxTR-questions|factual-cf-agent1-partial-biased_both-BFxCH-questions,,traj-627,High Responsibility,High Responsibility,High confidence,0.5,0.5,0,0.5,0.5,0,0.5,0.5,0,0.5,0.5,0,0.5,0.5,0,627,the questions were clear,It was an engaging study.,30,Independent,,Female,,Suburban community,,California,Bachelor degree,Black or African-American,Protestantism,
R_6aOQ6wo6DPIJBpT,838,678ca30842b3a8d014abb029,1,partial,1-CF,1,0,TRxCH,FL_251|factual-cf-agent0-partial-biased_1-TRxCH-questions|factual-cf-agent0-partial-biased_1-TRxTR-questions|factual-cf-agent0-partial-biased_1-HPxTR-questions|factual-cf-agent0-partial-biased_1-HPxCH-questions|factual-cf-agent0-partial-biased_1-BFxCH-questions,,traj-31,High Responsibility,High Responsibility,Medium confidence,0.5,1,0.5,0.5,1,0.5,0.5,1,0.5,0.5,1,0.5,0.5,1,0.5,31,I found the descriptors to be very clear.,,19,Independent,,Female,,City or urban community,,Texas,Some college but no degree,White,Catholicism,
R_6aOQ6wo6DPIJBpT,838,678ca30842b3a8d014abb029,1,partial,1-CF,1,0,TRxTR,FL_251|factual-cf-agent0-partial-biased_1-TRxCH-questions|factual-cf-agent0-partial-biased_1-TRxTR-questions|factual-cf-agent0-partial-biased_1-HPxTR-questions|factual-cf-agent0-partial-biased_1-HPxCH-questions|factual-cf-agent0-partial-biased_1-BFxCH-questions,,traj-881,Medium Responsibility,High Responsibility,Medium confidence,1,1,0.5,1,1,0.5,1,1,0.5,0.5,0.5,0.5,1,1,0.5,881,I found the descriptors to be very clear.,,20,Independent,,Female,,City or urban community,,Texas,Some college but no degree,White,Catholicism,
R_6aOQ6wo6DPIJBpT,838,678ca30842b3a8d014abb029,1,partial,1-CF,1,0,HPxTR,FL_251|factual-cf-agent0-partial-biased_1-TRxCH-questions|factual-cf-agent0-partial-biased_1-TRxTR-questions|factual-cf-agent0-partial-biased_1-HPxTR-questions|factual-cf-agent0-partial-biased_1-HPxCH-questions|factual-cf-agent0-partial-biased_1-BFxCH-questions,,traj-831,High Responsibility,High Responsibility,Medium confidence,0.5,1,0.5,0.5,1,0.5,0.5,1,0.5,0.5,1,0.5,0.5,1,0.5,831,I found the descriptors to be very clear.,,21,Independent,,Female,,City or urban community,,Texas,Some college but no degree,White,Catholicism,
R_6aOQ6wo6DPIJBpT,838,678ca30842b3a8d014abb029,1,partial,1-CF,1,0,HPxCH,FL_251|factual-cf-agent0-partial-biased_1-TRxCH-questions|factual-cf-agent0-partial-biased_1-TRxTR-questions|factual-cf-agent0-partial-biased_1-HPxTR-questions|factual-cf-agent0-partial-biased_1-HPxCH-questions|factual-cf-agent0-partial-biased_1-BFxCH-questions,,traj-106,Medium Responsibility,High Responsibility,Medium confidence,1,1,0.5,1,1,0.5,1,1,0.5,1,1,0.5,1,1,0.5,106,I found the descriptors to be very clear.,,22,Independent,,Female,,City or urban community,,Texas,Some college but no degree,White,Catholicism,
R_6aOQ6wo6DPIJBpT,838,678ca30842b3a8d014abb029,1,partial,1-CF,1,0,BFxCH,FL_251|factual-cf-agent0-partial-biased_1-TRxCH-questions|factual-cf-agent0-partial-biased_1-TRxTR-questions|factual-cf-agent0-partial-biased_1-HPxTR-questions|factual-cf-agent0-partial-biased_1-HPxCH-questions|factual-cf-agent0-partial-biased_1-BFxCH-questions,,traj-176,High Responsibility,High Responsibility,Medium confidence,0.5,1,0.5,0.5,1,0.5,0.5,1,0.5,0.5,1,0.5,0.5,1,0.5,176,I found the descriptors to be very clear.,,23,Independent,,Female,,City or urban community,,Texas,Some college but no degree,White,Catholicism,
R_55Yn0mxkATPfEl3,1173,6739407592ef0488baee7790,2,partial,2-CF,0,both,HPxTR,factual-cf-both-agents-partial-biased_0-HPxTR-questions|factual-cf-both-agents-partial-biased_0-HPxCH-questions|FL_255|factual-cf-both-agents-partial-biased_0-BFxCH-questions|factual-cf-both-agents-partial-biased_0-TRxCH-questions|factual-cf-both-agents-partial-biased_0-TRxTR-questions,,traj-49-2,Low Responsibility,High Responsibility,Medium confidence,1,1,0.5,1,1,0.5,1,1,0.5,1,1,0.5,1,1,0.5,49,the wording was clear,,36,Republican Party,,Female,,City or urban community,,California,Bachelor degree,Black or African-American,Catholicism,
R_55Yn0mxkATPfEl3,1173,6739407592ef0488baee7790,2,partial,2-CF,0,both,HPxCH,factual-cf-both-agents-partial-biased_0-HPxTR-questions|factual-cf-both-agents-partial-biased_0-HPxCH-questions|FL_255|factual-cf-both-agents-partial-biased_0-BFxCH-questions|factual-cf-both-agents-partial-biased_0-TRxCH-questions|factual-cf-both-agents-partial-biased_0-TRxTR-questions,,traj-567,Low Responsibility,Medium Responsibility,High confidence,1,1,0,1,1,0,1,1,0,0.5,0.5,0.5,1,1,0,567,the wording was clear,,37,Republican Party,,Female,,City or urban community,,California,Bachelor degree,Black or African-American,Catholicism,
R_55Yn0mxkATPfEl3,1173,6739407592ef0488baee7790,2,partial,2-CF,0,both,BFxCH,factual-cf-both-agents-partial-biased_0-HPxTR-questions|factual-cf-both-agents-partial-biased_0-HPxCH-questions|FL_255|factual-cf-both-agents-partial-biased_0-BFxCH-questions|factual-cf-both-agents-partial-biased_0-TRxCH-questions|factual-cf-both-agents-partial-biased_0-TRxTR-questions,,traj-90,High Responsibility,Low Responsibility,High confidence,1,0.5,0.5,1,0.5,0.5,1,0.5,0.5,0.5,0.5,0,1,0.5,0.5,90,the wording was clear,,38,Republican Party,,Female,,City or urban community,,California,Bachelor degree,Black or African-American,Catholicism,
R_55Yn0mxkATPfEl3,1173,6739407592ef0488baee7790,2,partial,2-CF,0,both,TRxCH,factual-cf-both-agents-partial-biased_0-HPxTR-questions|factual-cf-both-agents-partial-biased_0-HPxCH-questions|FL_255|factual-cf-both-agents-partial-biased_0-BFxCH-questions|factual-cf-both-agents-partial-biased_0-TRxCH-questions|factual-cf-both-agents-partial-biased_0-TRxTR-questions,,traj-742-2,Medium Responsibility,Low Responsibility,High confidence,1,1,0,1,1,0,1,1,0,1,1,0,1,1,0,742,the wording was clear,,39,Republican Party,,Female,,City or urban community,,California,Bachelor degree,Black or African-American,Catholicism,
R_55Yn0mxkATPfEl3,1173,6739407592ef0488baee7790,2,partial,2-CF,0,both,TRxTR,factual-cf-both-agents-partial-biased_0-HPxTR-questions|factual-cf-both-agents-partial-biased_0-HPxCH-questions|FL_255|factual-cf-both-agents-partial-biased_0-BFxCH-questions|factual-cf-both-agents-partial-biased_0-TRxCH-questions|factual-cf-both-agents-partial-biased_0-TRxTR-questions,,traj-111-1,High Responsibility,High Responsibility,Medium confidence,1,1,1,0.5,1,0.5,1,1,1,0.5,1,0.5,1,1,1,111,the wording was clear,,40,Republican Party,,Female,,City or urban community,,California,Bachelor degree,Black or African-American,Catholicism,
R_7ARt7SDNc6vF0Pv,826,5d337586669d96001cbbb059,1,partial,1-CF,0,1,HPxTR,factual-cf-agent1-partial-biased_0-HPxTR-questions|FL_260|factual-cf-agent1-partial-biased_0-BFxCH-questions|factual-cf-agent1-partial-biased_0-HPxCH-questions |factual-cf-agent1-partial-biased_0-TRxTR-questions|factual-cf-agent1-partial-biased_0-TRxCH-questions,,traj-31-3,Low Responsibility,Low Responsibility,Medium confidence,1,0.5,0,1,0.5,0,1,0.5,0,1,0.5,0,1,0.5,0,31,Wording was mostly clear.,Thanks for the opportunity.,31,Republican Party,,Male,,Suburban community,,West Virginia,"High school degree or equivalent (e.g., GED)",White,Other Christian denomination,
R_7ARt7SDNc6vF0Pv,826,5d337586669d96001cbbb059,1,partial,1-CF,0,1,BFxCH,factual-cf-agent1-partial-biased_0-HPxTR-questions|FL_260|factual-cf-agent1-partial-biased_0-BFxCH-questions|factual-cf-agent1-partial-biased_0-HPxCH-questions |factual-cf-agent1-partial-biased_0-TRxTR-questions|factual-cf-agent1-partial-biased_0-TRxCH-questions,,traj-956,Medium Responsibility,Low Responsibility,Medium confidence,0.5,0.5,0.5,0.5,0.5,0.5,0.5,0.5,0.5,0.5,0.5,0.5,0.5,0.5,0.5,956,Wording was mostly clear.,Thanks for the opportunity.,32,Republican Party,,Male,,Suburban community,,West Virginia,"High school degree or equivalent (e.g., GED)",White,Other Christian denomination,
R_7ARt7SDNc6vF0Pv,826,5d337586669d96001cbbb059,1,partial,1-CF,0,1,HPxCH,factual-cf-agent1-partial-biased_0-HPxTR-questions|FL_260|factual-cf-agent1-partial-biased_0-BFxCH-questions|factual-cf-agent1-partial-biased_0-HPxCH-questions |factual-cf-agent1-partial-biased_0-TRxTR-questions|factual-cf-agent1-partial-biased_0-TRxCH-questions,,traj-901-1,Medium Responsibility,Low Responsibility,Medium confidence,1,0.5,0,1,0.5,0,1,0.5,0,1,0.5,0,1,0.5,0,901,Wording was mostly clear.,Thanks for the opportunity.,33,Republican Party,,Male,,Suburban community,,West Virginia,"High school degree or equivalent (e.g., GED)",White,Other Christian denomination,
R_7ARt7SDNc6vF0Pv,826,5d337586669d96001cbbb059,1,partial,1-CF,0,1,TRxTR,factual-cf-agent1-partial-biased_0-HPxTR-questions|FL_260|factual-cf-agent1-partial-biased_0-BFxCH-questions|factual-cf-agent1-partial-biased_0-HPxCH-questions |factual-cf-agent1-partial-biased_0-TRxTR-questions|factual-cf-agent1-partial-biased_0-TRxCH-questions,,traj-466,Medium Responsibility,Low Responsibility,Medium confidence,0.5,1,0.5,0.5,1,0.5,0.5,1,0.5,0.5,0.5,0.5,0.5,1,0.5,466,Wording was mostly clear.,Thanks for the opportunity.,34,Republican Party,,Male,,Suburban community,,West Virginia,"High school degree or equivalent (e.g., GED)",White,Other Christian denomination,
R_7ARt7SDNc6vF0Pv,826,5d337586669d96001cbbb059,1,partial,1-CF,0,1,TRxCH,factual-cf-agent1-partial-biased_0-HPxTR-questions|FL_260|factual-cf-agent1-partial-biased_0-BFxCH-questions|factual-cf-agent1-partial-biased_0-HPxCH-questions |factual-cf-agent1-partial-biased_0-TRxTR-questions|factual-cf-agent1-partial-biased_0-TRxCH-questions,,traj-659,Low Responsibility,Low Responsibility,Medium confidence,1,0.5,0,0.5,0.5,0,1,0.5,0,0.5,0.5,0,1,0.5,0,659,Wording was mostly clear.,Thanks for the opportunity.,35,Republican Party,,Male,,Suburban community,,West Virginia,"High school degree or equivalent (e.g., GED)",White,Other Christian denomination,
R_1g2qcnz5pRwxO15,1117,674d85bef40d1b17ddf0d80e,0,partial,factual,none,none,HPxTR,factual-partial-biased_none-HPxTR-questions|factual-partial-biased_none-TRxTR-questions|FL_283|factual-partial-biased_none-TRxCH-questions|factual-partial-biased_none-BFxCH-questions|factual-partial-biased_none-HPxCH-questions,,traj-208,Low Responsibility,Medium Responsibility,High confidence,1,1,0,1,1,0,1,1,0,1,1,0,1,1,0,208,no,no,32,Republican Party,,Male,,City or urban community,,California,Bachelor degree,White,Protestantism,
R_1g2qcnz5pRwxO15,1117,674d85bef40d1b17ddf0d80e,0,partial,factual,none,none,TRxTR,factual-partial-biased_none-HPxTR-questions|factual-partial-biased_none-TRxTR-questions|FL_283|factual-partial-biased_none-TRxCH-questions|factual-partial-biased_none-BFxCH-questions|factual-partial-biased_none-HPxCH-questions,,traj-35,Medium Responsibility,Medium Responsibility,Medium confidence,1,1,0,1,1,0,1,1,0,0.5,0.5,1,1,1,0,35,no,no,33,Republican Party,,Male,,City or urban community,,California,Bachelor degree,White,Protestantism,
R_1g2qcnz5pRwxO15,1117,674d85bef40d1b17ddf0d80e,0,partial,factual,none,none,TRxCH,factual-partial-biased_none-HPxTR-questions|factual-partial-biased_none-TRxTR-questions|FL_283|factual-partial-biased_none-TRxCH-questions|factual-partial-biased_none-BFxCH-questions|factual-partial-biased_none-HPxCH-questions,,traj-44,High Responsibility,Medium Responsibility,Medium confidence,1,1,0.5,1,1,0.5,1,1,0.5,1,1,0.5,1,1,0.5,44,no,no,34,Republican Party,,Male,,City or urban community,,California,Bachelor degree,White,Protestantism,
R_1g2qcnz5pRwxO15,1117,674d85bef40d1b17ddf0d80e,0,partial,factual,none,none,BFxCH,factual-partial-biased_none-HPxTR-questions|factual-partial-biased_none-TRxTR-questions|FL_283|factual-partial-biased_none-TRxCH-questions|factual-partial-biased_none-BFxCH-questions|factual-partial-biased_none-HPxCH-questions,,traj-274,Medium Responsibility,High Responsibility,Medium confidence,1,1,0.5,1,1,0.5,1,1,0.5,1,1,0.5,1,1,0.5,274,no,no,35,Republican Party,,Male,,City or urban community,,California,Bachelor degree,White,Protestantism,
R_1g2qcnz5pRwxO15,1117,674d85bef40d1b17ddf0d80e,0,partial,factual,none,none,HPxCH,factual-partial-biased_none-HPxTR-questions|factual-partial-biased_none-TRxTR-questions|FL_283|factual-partial-biased_none-TRxCH-questions|factual-partial-biased_none-BFxCH-questions|factual-partial-biased_none-HPxCH-questions,,traj-255,High Responsibility,Low Responsibility,High confidence,1,1,0.5,1,1,0.5,1,1,0.5,1,1,0.5,1,1,0.5,255,no,no,36,Republican Party,,Male,,City or urban community,,California,Bachelor degree,White,Protestantism,
R_1Pp9gkpFZurYbut,1454,5a5479b4ac56240001537ffa,0,full,factual,both,none, ,factual-full-biased_both-questions,256|QID807|471|QID808|454|QID809|167-1|QID810|972|QID811,256,High Responsibility,High Responsibility,High confidence,1,1,1,1,1,1,1,1,1,1,1,1,1,1,1,256,everything was clear,,36,Democratic Party,,Female,,Suburban community,,Virginia,Graduate degree,Black or African-American,Other Christian denomination,
R_1Pp9gkpFZurYbut,1454,5a5479b4ac56240001537ffa,0,full,factual,both,none, ,factual-full-biased_both-questions,256|QID807|471|QID808|454|QID809|167-1|QID810|972|QID811,471,Medium Responsibility,Medium Responsibility,High confidence,1,1,0,1,1,0,1,1,0,1,1,0,1,1,0,471,everything was clear,,37,Democratic Party,,Female,,Suburban community,,Virginia,Graduate degree,Black or African-American,Other Christian denomination,
R_1Pp9gkpFZurYbut,1454,5a5479b4ac56240001537ffa,0,full,factual,both,none, ,factual-full-biased_both-questions,256|QID807|471|QID808|454|QID809|167-1|QID810|972|QID811,454,Medium Responsibility,High Responsibility,Medium confidence,1,1,0.5,1,1,0.5,1,1,0.5,1,1,0.5,1,1,0.5,454,everything was clear,,38,Democratic Party,,Female,,Suburban community,,Virginia,Graduate degree,Black or African-American,Other Christian denomination,
R_1Pp9gkpFZurYbut,1454,5a5479b4ac56240001537ffa,0,full,factual,both,none, ,factual-full-biased_both-questions,256|QID807|471|QID808|454|QID809|167-1|QID810|972|QID811,167-1,High Responsibility,High Responsibility,High confidence,1,1,1,1,1,1,1,1,1,0.5,0.5,0,1,1,1,167,everything was clear,,39,Democratic Party,,Female,,Suburban community,,Virginia,Graduate degree,Black or African-American,Other Christian denomination,
R_1Pp9gkpFZurYbut,1454,5a5479b4ac56240001537ffa,0,full,factual,both,none, ,factual-full-biased_both-questions,256|QID807|471|QID808|454|QID809|167-1|QID810|972|QID811,972,Medium Responsibility,Medium Responsibility,High confidence,1,1,0,1,1,0,1,1,0,1,1,0,1,1,0,972,everything was clear,,40,Democratic Party,,Female,,Suburban community,,Virginia,Graduate degree,Black or African-American,Other Christian denomination,
R_1Iby90rmGzBD2Fe,1399,67d9dd773ab354c1bd77391e,1,full,1-CF,1,0,TRxCH,factual-cf-agent0-full-biased_1-TRxCH-questions|factual-cf-agent0-full-biased_1-BFxCH-questions|factual-cf-agent0-full-biased_1-TRxTR-questions|FL_266|factual-cf-agent0-full-biased_1-HPxTR-questions|factual-cf-agent0-full-biased_1-HPxCH-questions,,traj-833,Medium Responsibility,High Responsibility,High confidence,0.5,1,1,0.5,1,1,0.5,1,1,0.5,1,1,0.5,1,1,833,IT WAS VERY CLEAR,NO COMMENTS,56,Republican Party,,Male,,Suburban community,,Wisconsin,Graduate degree,Black or African-American,Catholicism,
R_1Iby90rmGzBD2Fe,1399,67d9dd773ab354c1bd77391e,1,full,1-CF,1,0,BFxCH,factual-cf-agent0-full-biased_1-TRxCH-questions|factual-cf-agent0-full-biased_1-BFxCH-questions|factual-cf-agent0-full-biased_1-TRxTR-questions|FL_266|factual-cf-agent0-full-biased_1-HPxTR-questions|factual-cf-agent0-full-biased_1-HPxCH-questions,,traj-6,Medium Responsibility,Medium Responsibility,High confidence,0.5,1,0.5,0.5,1,0.5,0.5,1,0.5,0.5,1,0.5,0.5,1,0.5,6,IT WAS VERY CLEAR,NO COMMENTS,57,Republican Party,,Male,,Suburban community,,Wisconsin,Graduate degree,Black or African-American,Catholicism,
R_1Iby90rmGzBD2Fe,1399,67d9dd773ab354c1bd77391e,1,full,1-CF,1,0,TRxTR,factual-cf-agent0-full-biased_1-TRxCH-questions|factual-cf-agent0-full-biased_1-BFxCH-questions|factual-cf-agent0-full-biased_1-TRxTR-questions|FL_266|factual-cf-agent0-full-biased_1-HPxTR-questions|factual-cf-agent0-full-biased_1-HPxCH-questions,,traj-255,Low Responsibility,Medium Responsibility,Medium confidence,0.5,1,0,0.5,1,0,0.5,1,0,0.5,1,0,0.5,1,0,255,IT WAS VERY CLEAR,NO COMMENTS,58,Republican Party,,Male,,Suburban community,,Wisconsin,Graduate degree,Black or African-American,Catholicism,
R_1Iby90rmGzBD2Fe,1399,67d9dd773ab354c1bd77391e,1,full,1-CF,1,0,HPxTR,factual-cf-agent0-full-biased_1-TRxCH-questions|factual-cf-agent0-full-biased_1-BFxCH-questions|factual-cf-agent0-full-biased_1-TRxTR-questions|FL_266|factual-cf-agent0-full-biased_1-HPxTR-questions|factual-cf-agent0-full-biased_1-HPxCH-questions,,traj-455,Low Responsibility,Low Responsibility,Medium confidence,0.5,1,0,0.5,1,0,0.5,1,0,0.5,1,0,0.5,1,0,455,IT WAS VERY CLEAR,NO COMMENTS,59,Republican Party,,Male,,Suburban community,,Wisconsin,Graduate degree,Black or African-American,Catholicism,
R_1Iby90rmGzBD2Fe,1399,67d9dd773ab354c1bd77391e,1,full,1-CF,1,0,HPxCH,factual-cf-agent0-full-biased_1-TRxCH-questions|factual-cf-agent0-full-biased_1-BFxCH-questions|factual-cf-agent0-full-biased_1-TRxTR-questions|FL_266|factual-cf-agent0-full-biased_1-HPxTR-questions|factual-cf-agent0-full-biased_1-HPxCH-questions,,traj-901,Low Responsibility,Low Responsibility,Medium confidence,0.5,1,0,0.5,1,0,0.5,1,0,0.5,1,0,0.5,1,0,901,IT WAS VERY CLEAR,NO COMMENTS,60,Republican Party,,Male,,Suburban community,,Wisconsin,Graduate degree,Black or African-American,Catholicism,
R_3ClusThJFbAAlec,814,66a9d46ff5d39bbede9f2e92,1,full,1-CF,both,1,TRxCH,factual-cf-agent1-full-biased_both-TRxCH-questions|factual-cf-agent1-full-biased_both-HPxCH-questions|factual-cf-agent1-full-biased_both-BFxCH-questions|factual-cf-agent1-full-biased_both-HPxTR-questions|factual-cf-agent1-full-biased_both-TRxTR-questions|FL_272,,traj-995,High Responsibility,Medium Responsibility,Medium confidence,0.5,0.5,0.5,0.5,0.5,0.5,0.5,0.5,0.5,0.5,0.5,0.5,0.5,0.5,0.5,995,"Not much, it was vague.",Nothing ,28,Independent,,Male,,Suburban community,,Virginia,Graduate degree,White,Catholicism,
R_3ClusThJFbAAlec,814,66a9d46ff5d39bbede9f2e92,1,full,1-CF,both,1,HPxCH,factual-cf-agent1-full-biased_both-TRxCH-questions|factual-cf-agent1-full-biased_both-HPxCH-questions|factual-cf-agent1-full-biased_both-BFxCH-questions|factual-cf-agent1-full-biased_both-HPxTR-questions|factual-cf-agent1-full-biased_both-TRxTR-questions|FL_272,,traj-579,Low Responsibility,High Responsibility,Low confidence,0.5,0.5,0,0.5,0.5,0,0.5,0.5,0,0.5,0.5,0,0.5,0.5,0,579,"Not much, it was vague.",Nothing ,29,Independent,,Male,,Suburban community,,Virginia,Graduate degree,White,Catholicism,
R_3ClusThJFbAAlec,814,66a9d46ff5d39bbede9f2e92,1,full,1-CF,both,1,BFxCH,factual-cf-agent1-full-biased_both-TRxCH-questions|factual-cf-agent1-full-biased_both-HPxCH-questions|factual-cf-agent1-full-biased_both-BFxCH-questions|factual-cf-agent1-full-biased_both-HPxTR-questions|factual-cf-agent1-full-biased_both-TRxTR-questions|FL_272,,traj-73,Low Responsibility,Low Responsibility,Medium confidence,0.5,0.5,0,0.5,0.5,0,0.5,0.5,0,0.5,0.5,0,0.5,0.5,0,73,"Not much, it was vague.",Nothing ,30,Independent,,Male,,Suburban community,,Virginia,Graduate degree,White,Catholicism,
R_3ClusThJFbAAlec,814,66a9d46ff5d39bbede9f2e92,1,full,1-CF,both,1,HPxTR,factual-cf-agent1-full-biased_both-TRxCH-questions|factual-cf-agent1-full-biased_both-HPxCH-questions|factual-cf-agent1-full-biased_both-BFxCH-questions|factual-cf-agent1-full-biased_both-HPxTR-questions|factual-cf-agent1-full-biased_both-TRxTR-questions|FL_272,,traj-136,Low Responsibility,Medium Responsibility,Medium confidence,0.5,0.5,0.5,0.5,0.5,0.5,0.5,0.5,0.5,0.5,0.5,0.5,0.5,0.5,0.5,136,"Not much, it was vague.",Nothing ,31,Independent,,Male,,Suburban community,,Virginia,Graduate degree,White,Catholicism,
R_3ClusThJFbAAlec,814,66a9d46ff5d39bbede9f2e92,1,full,1-CF,both,1,TRxTR,factual-cf-agent1-full-biased_both-TRxCH-questions|factual-cf-agent1-full-biased_both-HPxCH-questions|factual-cf-agent1-full-biased_both-BFxCH-questions|factual-cf-agent1-full-biased_both-HPxTR-questions|factual-cf-agent1-full-biased_both-TRxTR-questions|FL_272,,traj-973-1,Low Responsibility,Medium Responsibility,Medium confidence,0.5,0.5,0.5,0.5,0.5,0.5,0.5,0.5,0.5,0.5,0.5,0.5,0.5,0.5,0.5,973,"Not much, it was vague.",Nothing ,32,Independent,,Male,,Suburban community,,Virginia,Graduate degree,White,Catholicism,
R_6Ms1ds9ZNbBk5gD,518,66fbab0373b325bac2693590,1,full,1-CF,0,0,TRxCH,factual-cf-agent0-full-biased_0-TRxCH-questions|factual-cf-agent0-full-biased_0-HPxTR-questions|FL_265|factual-cf-agent0-full-biased_0-BFxCH-questions|factual-cf-agent0-full-biased_0-HPxCH-questions|factual-cf-agent0-full-biased_0-TRxTR-questions,,traj-964,Medium Responsibility,Low Responsibility,Medium confidence,1,0.5,0,1,0.5,0,1,0.5,0,0.5,0.5,0.5,1,0.5,0,964,I did not find anything unclear in the survey.,I do not.,22,Independent,,Male,,Suburban community,,Arizona,"High school degree or equivalent (e.g., GED)",White,Some other religion (please specify):,Spirutual
R_6Ms1ds9ZNbBk5gD,518,66fbab0373b325bac2693590,1,full,1-CF,0,0,HPxTR,factual-cf-agent0-full-biased_0-TRxCH-questions|factual-cf-agent0-full-biased_0-HPxTR-questions|FL_265|factual-cf-agent0-full-biased_0-BFxCH-questions|factual-cf-agent0-full-biased_0-HPxCH-questions|factual-cf-agent0-full-biased_0-TRxTR-questions,,traj-868,Medium Responsibility,Medium Responsibility,High confidence,0.5,0.5,1,0.5,0.5,1,0.5,0.5,1,0,0.5,0.5,0,0.5,0.5,868,I did not find anything unclear in the survey.,I do not.,23,Independent,,Male,,Suburban community,,Arizona,"High school degree or equivalent (e.g., GED)",White,Some other religion (please specify):,Spirutual
R_6Ms1ds9ZNbBk5gD,518,66fbab0373b325bac2693590,1,full,1-CF,0,0,BFxCH,factual-cf-agent0-full-biased_0-TRxCH-questions|factual-cf-agent0-full-biased_0-HPxTR-questions|FL_265|factual-cf-agent0-full-biased_0-BFxCH-questions|factual-cf-agent0-full-biased_0-HPxCH-questions|factual-cf-agent0-full-biased_0-TRxTR-questions,,traj-178,Medium Responsibility,Medium Responsibility,High confidence,0.5,1,0.5,0.5,1,0.5,0.5,1,0.5,0.5,0.5,1,0.5,1,0.5,178,I did not find anything unclear in the survey.,I do not.,24,Independent,,Male,,Suburban community,,Arizona,"High school degree or equivalent (e.g., GED)",White,Some other religion (please specify):,Spirutual
R_6Ms1ds9ZNbBk5gD,518,66fbab0373b325bac2693590,1,full,1-CF,0,0,HPxCH,factual-cf-agent0-full-biased_0-TRxCH-questions|factual-cf-agent0-full-biased_0-HPxTR-questions|FL_265|factual-cf-agent0-full-biased_0-BFxCH-questions|factual-cf-agent0-full-biased_0-HPxCH-questions|factual-cf-agent0-full-biased_0-TRxTR-questions,,traj-161,High Responsibility,Low Responsibility,Medium confidence,1,1,0.5,1,1,0.5,1,1,0.5,1,1,0.5,1,1,0.5,161,I did not find anything unclear in the survey.,I do not.,25,Independent,,Male,,Suburban community,,Arizona,"High school degree or equivalent (e.g., GED)",White,Some other religion (please specify):,Spirutual
R_6Ms1ds9ZNbBk5gD,518,66fbab0373b325bac2693590,1,full,1-CF,0,0,TRxTR,factual-cf-agent0-full-biased_0-TRxCH-questions|factual-cf-agent0-full-biased_0-HPxTR-questions|FL_265|factual-cf-agent0-full-biased_0-BFxCH-questions|factual-cf-agent0-full-biased_0-HPxCH-questions|factual-cf-agent0-full-biased_0-TRxTR-questions,,traj-86,High Responsibility,Low Responsibility,High confidence,1,0.5,0.5,1,0.5,0.5,1,0.5,0.5,0.5,0.5,0,1,0.5,0.5,86,I did not find anything unclear in the survey.,I do not.,26,Independent,,Male,,Suburban community,,Arizona,"High school degree or equivalent (e.g., GED)",White,Some other religion (please specify):,Spirutual
R_3wcrGRVu2er9jWh,1079,643bf6338ab6927af28b0b88,0,full,factual,none,none, ,factual-full-biased_none-questions,594-1|QID837|218-2|QID838|412-1|837-1|920-1|QID840|238-1|QID841,594-1,Medium Responsibility,Low Responsibility,Medium confidence,1,1,0,1,1,0,1,1,0,1,1,0,1,1,0,594,Everything was clear.,,31,Republican Party,,Male,,Rural community,,Washington,Some college but no degree,White,Catholicism,
R_3wcrGRVu2er9jWh,1079,643bf6338ab6927af28b0b88,0,full,factual,none,none, ,factual-full-biased_none-questions,594-1|QID837|218-2|QID838|412-1|837-1|920-1|QID840|238-1|QID841,218-2,Medium Responsibility,Low Responsibility,Medium confidence,1,1,0,1,1,0,1,1,0,1,1,0,1,1,0,218,Everything was clear.,,32,Republican Party,,Male,,Rural community,,Washington,Some college but no degree,White,Catholicism,
R_3wcrGRVu2er9jWh,1079,643bf6338ab6927af28b0b88,0,full,factual,none,none, ,factual-full-biased_none-questions,594-1|QID837|218-2|QID838|412-1|837-1|920-1|QID840|238-1|QID841,412-1,Low Responsibility,Low Responsibility,High confidence,1,1,0,1,1,0,1,1,0,1,1,0,1,1,0,412,Everything was clear.,,33,Republican Party,,Male,,Rural community,,Washington,Some college but no degree,White,Catholicism,
R_3wcrGRVu2er9jWh,1079,643bf6338ab6927af28b0b88,0,full,factual,none,none, ,factual-full-biased_none-questions,594-1|QID837|218-2|QID838|412-1|837-1|920-1|QID840|238-1|QID841,920-1,Medium Responsibility,Low Responsibility,Medium confidence,1,1,0,1,1,0,1,1,0,1,1,0,1,1,0,920,Everything was clear.,,34,Republican Party,,Male,,Rural community,,Washington,Some college but no degree,White,Catholicism,
R_3wcrGRVu2er9jWh,1079,643bf6338ab6927af28b0b88,0,full,factual,none,none, ,factual-full-biased_none-questions,594-1|QID837|218-2|QID838|412-1|837-1|920-1|QID840|238-1|QID841,238-1,Low Responsibility,Low Responsibility,Medium confidence,1,1,0,1,1,0,1,1,0,1,1,0,1,1,0,238,Everything was clear.,,35,Republican Party,,Male,,Rural community,,Washington,Some college but no degree,White,Catholicism,
R_5CaPaEnPpQqqjSx,1715,67f99e6f6e3952546bab0046,1,full,1-CF,0,1,HPxTR,factual-cf-agent1-full-biased_0-HPxTR-questions|factual-cf-agent1-full-biased_0-TRxCH-questions|factual-cf-agent1-full-biased_0-TRxTR-questions|factual-cf-agent1-full-biased_0-BFxCH-questions|FL_270|factual-cf-agent1-full-biased_0-HPxCH-questions,,traj-414,Medium Responsibility,Low Responsibility,Low confidence,1,0.5,0,1,0.5,0,1,0.5,0,0.5,0.5,0.5,1,0.5,0,414,Everything was clear,No,19,Republican Party,,Female,,Suburban community,,Arkansas,Graduate degree,Black or African-American,Other Christian denomination,
R_5CaPaEnPpQqqjSx,1715,67f99e6f6e3952546bab0046,1,full,1-CF,0,1,TRxCH,factual-cf-agent1-full-biased_0-HPxTR-questions|factual-cf-agent1-full-biased_0-TRxCH-questions|factual-cf-agent1-full-biased_0-TRxTR-questions|factual-cf-agent1-full-biased_0-BFxCH-questions|FL_270|factual-cf-agent1-full-biased_0-HPxCH-questions,,traj-428-2,High Responsibility,Medium Responsibility,Medium confidence,1,0.5,1,1,0.5,1,1,0.5,1,1,0.5,1,1,0.5,1,428,Everything was clear,No,20,Republican Party,,Female,,Suburban community,,Arkansas,Graduate degree,Black or African-American,Other Christian denomination,
R_5CaPaEnPpQqqjSx,1715,67f99e6f6e3952546bab0046,1,full,1-CF,0,1,TRxTR,factual-cf-agent1-full-biased_0-HPxTR-questions|factual-cf-agent1-full-biased_0-TRxCH-questions|factual-cf-agent1-full-biased_0-TRxTR-questions|factual-cf-agent1-full-biased_0-BFxCH-questions|FL_270|factual-cf-agent1-full-biased_0-HPxCH-questions,,traj-569,Medium Responsibility,High Responsibility,Low confidence,0.5,0.5,0.5,0.5,0.5,0.5,0.5,0.5,0.5,0,0.5,0,0,0.5,0,569,Everything was clear,No,21,Republican Party,,Female,,Suburban community,,Arkansas,Graduate degree,Black or African-American,Other Christian denomination,
R_5CaPaEnPpQqqjSx,1715,67f99e6f6e3952546bab0046,1,full,1-CF,0,1,BFxCH,factual-cf-agent1-full-biased_0-HPxTR-questions|factual-cf-agent1-full-biased_0-TRxCH-questions|factual-cf-agent1-full-biased_0-TRxTR-questions|factual-cf-agent1-full-biased_0-BFxCH-questions|FL_270|factual-cf-agent1-full-biased_0-HPxCH-questions,,traj-19,Low Responsibility,High Responsibility,Low confidence,1,1,0.5,0.5,1,0.5,1,1,0.5,0.5,1,0.5,1,1,0.5,19,Everything was clear,No,22,Republican Party,,Female,,Suburban community,,Arkansas,Graduate degree,Black or African-American,Other Christian denomination,
R_5CaPaEnPpQqqjSx,1715,67f99e6f6e3952546bab0046,1,full,1-CF,0,1,HPxCH,factual-cf-agent1-full-biased_0-HPxTR-questions|factual-cf-agent1-full-biased_0-TRxCH-questions|factual-cf-agent1-full-biased_0-TRxTR-questions|factual-cf-agent1-full-biased_0-BFxCH-questions|FL_270|factual-cf-agent1-full-biased_0-HPxCH-questions,,traj-785,Low Responsibility,High Responsibility,Low confidence,0.5,0.5,0,0.5,0.5,0,0.5,0.5,0,0.5,0.5,0,0.5,0.5,0,785,Everything was clear,No,23,Republican Party,,Female,,Suburban community,,Arkansas,Graduate degree,Black or African-American,Other Christian denomination,
R_5YixQRlWIRjuxqx,379,67f79096b772b3aea325a6d0,0,partial,factual,both,none,BFxCH,factual-partial-biased_both-BFxCH-questions|factual-partial-biased_both-TRxTR-questions|factual-partial-biased_both-HPxTR-questions|factual-partial-biased_both-TRxCH-questions|FL_282|factual-partial-biased_both-HPxCH-questions,,traj-338,Medium Responsibility,Medium Responsibility,High confidence,1,1,0,1,1,0,1,1,0,0.5,0.5,1,1,1,0,338,Everything was clear and I understood the words clearly,,33,"Republican Party,Libertarian Party",,Male,,Suburban community,,West Virginia,Graduate degree,Black or African-American,No religion,
R_5YixQRlWIRjuxqx,379,67f79096b772b3aea325a6d0,0,partial,factual,both,none,TRxTR,factual-partial-biased_both-BFxCH-questions|factual-partial-biased_both-TRxTR-questions|factual-partial-biased_both-HPxTR-questions|factual-partial-biased_both-TRxCH-questions|FL_282|factual-partial-biased_both-HPxCH-questions,,traj-371,Medium Responsibility,Low Responsibility,Medium confidence,0.5,0.5,0.5,0.5,0.5,0.5,0.5,0.5,0.5,0.5,0.5,0.5,0.5,0.5,0.5,371,Everything was clear and I understood the words clearly,,34,"Republican Party,Libertarian Party",,Male,,Suburban community,,West Virginia,Graduate degree,Black or African-American,No religion,
R_5YixQRlWIRjuxqx,379,67f79096b772b3aea325a6d0,0,partial,factual,both,none,HPxTR,factual-partial-biased_both-BFxCH-questions|factual-partial-biased_both-TRxTR-questions|factual-partial-biased_both-HPxTR-questions|factual-partial-biased_both-TRxCH-questions|FL_282|factual-partial-biased_both-HPxCH-questions,,traj-593,Medium Responsibility,Medium Responsibility,Medium confidence,0,0,0,0,0,0,0,0,0,0,0,0,0,0,0,593,Everything was clear and I understood the words clearly,,35,"Republican Party,Libertarian Party",,Male,,Suburban community,,West Virginia,Graduate degree,Black or African-American,No religion,
R_5YixQRlWIRjuxqx,379,67f79096b772b3aea325a6d0,0,partial,factual,both,none,TRxCH,factual-partial-biased_both-BFxCH-questions|factual-partial-biased_both-TRxTR-questions|factual-partial-biased_both-HPxTR-questions|factual-partial-biased_both-TRxCH-questions|FL_282|factual-partial-biased_both-HPxCH-questions,,traj-66,Medium Responsibility,High Responsibility,High confidence,0.5,0.5,0.5,0.5,0.5,0.5,0.5,0.5,0.5,0.5,0.5,0.5,0.5,0.5,0.5,66,Everything was clear and I understood the words clearly,,36,"Republican Party,Libertarian Party",,Male,,Suburban community,,West Virginia,Graduate degree,Black or African-American,No religion,
R_5YixQRlWIRjuxqx,379,67f79096b772b3aea325a6d0,0,partial,factual,both,none,HPxCH,factual-partial-biased_both-BFxCH-questions|factual-partial-biased_both-TRxTR-questions|factual-partial-biased_both-HPxTR-questions|factual-partial-biased_both-TRxCH-questions|FL_282|factual-partial-biased_both-HPxCH-questions,,traj-653,Medium Responsibility,Medium Responsibility,Medium confidence,0.5,0.5,1,0.5,0.5,1,0.5,0.5,1,0.5,0.5,1,0.5,0.5,1,653,Everything was clear and I understood the words clearly,,37,"Republican Party,Libertarian Party",,Male,,Suburban community,,West Virginia,Graduate degree,Black or African-American,No religion,
R_17KE7VfrCYZcN6A,548,5dae25fc2e361800135fbd02,2,partial,2-CF,0,both,HPxTR,factual-cf-both-agents-partial-biased_0-HPxTR-questions|factual-cf-both-agents-partial-biased_0-HPxCH-questions|factual-cf-both-agents-partial-biased_0-TRxTR-questions|FL_255|factual-cf-both-agents-partial-biased_0-BFxCH-questions|factual-cf-both-agents-partial-biased_0-TRxCH-questions,,traj-872,Medium Responsibility,Low Responsibility,Low confidence,0.5,0.5,0.5,0.5,0.5,0.5,0.5,0.5,0.5,0,0.5,0,0,0.5,0,872,I didn't find anything unclear.,I have no comments.,62,Independent,,Female,,City or urban community,,California,Graduate degree,White,Catholicism,
R_17KE7VfrCYZcN6A,548,5dae25fc2e361800135fbd02,2,partial,2-CF,0,both,HPxCH,factual-cf-both-agents-partial-biased_0-HPxTR-questions|factual-cf-both-agents-partial-biased_0-HPxCH-questions|factual-cf-both-agents-partial-biased_0-TRxTR-questions|FL_255|factual-cf-both-agents-partial-biased_0-BFxCH-questions|factual-cf-both-agents-partial-biased_0-TRxCH-questions,,traj-611,Medium Responsibility,Low Responsibility,Medium confidence,0.5,0.5,0.5,0.5,0.5,0.5,0.5,0.5,0.5,0.5,0.5,0.5,0.5,0.5,0.5,611,I didn't find anything unclear.,I have no comments.,63,Independent,,Female,,City or urban community,,California,Graduate degree,White,Catholicism,
R_17KE7VfrCYZcN6A,548,5dae25fc2e361800135fbd02,2,partial,2-CF,0,both,TRxTR,factual-cf-both-agents-partial-biased_0-HPxTR-questions|factual-cf-both-agents-partial-biased_0-HPxCH-questions|factual-cf-both-agents-partial-biased_0-TRxTR-questions|FL_255|factual-cf-both-agents-partial-biased_0-BFxCH-questions|factual-cf-both-agents-partial-biased_0-TRxCH-questions,,traj-82,Medium Responsibility,Medium Responsibility,Low confidence,1,0.5,0.5,1,0.5,0.5,1,0.5,0.5,0.5,0.5,1,1,0.5,0.5,82,I didn't find anything unclear.,I have no comments.,64,Independent,,Female,,City or urban community,,California,Graduate degree,White,Catholicism,
R_17KE7VfrCYZcN6A,548,5dae25fc2e361800135fbd02,2,partial,2-CF,0,both,BFxCH,factual-cf-both-agents-partial-biased_0-HPxTR-questions|factual-cf-both-agents-partial-biased_0-HPxCH-questions|factual-cf-both-agents-partial-biased_0-TRxTR-questions|FL_255|factual-cf-both-agents-partial-biased_0-BFxCH-questions|factual-cf-both-agents-partial-biased_0-TRxCH-questions,,traj-719,Low Responsibility,Low Responsibility,Low confidence,1,1,0,1,1,0,1,1,0,0.5,0.5,0,1,1,0,719,I didn't find anything unclear.,I have no comments.,65,Independent,,Female,,City or urban community,,California,Graduate degree,White,Catholicism,
R_17KE7VfrCYZcN6A,548,5dae25fc2e361800135fbd02,2,partial,2-CF,0,both,TRxCH,factual-cf-both-agents-partial-biased_0-HPxTR-questions|factual-cf-both-agents-partial-biased_0-HPxCH-questions|factual-cf-both-agents-partial-biased_0-TRxTR-questions|FL_255|factual-cf-both-agents-partial-biased_0-BFxCH-questions|factual-cf-both-agents-partial-biased_0-TRxCH-questions,,traj-71-1,Low Responsibility,Low Responsibility,Medium confidence,1,1,0,1,1,0,1,1,0,1,1,0,1,1,0,71,I didn't find anything unclear.,I have no comments.,66,Independent,,Female,,City or urban community,,California,Graduate degree,White,Catholicism,
R_74986k8FzK6MRT8,696,67f6773f51ba59cb2568c099,0,full,factual,none,none, ,factual-full-biased_none-questions,150-2|QID837|227-2|QID838|85-1|837-1|975-1|QID840|80-1|QID841,150-2,Medium Responsibility,Medium Responsibility,High confidence,1,1,0,1,1,0,1,1,0,1,1,0,1,1,0,150,The study was easy to understand.,No comments.,20,Democratic Party,,Male,,Suburban community,,Michigan,Bachelor degree,Asian-American,Other Christian denomination,
R_74986k8FzK6MRT8,696,67f6773f51ba59cb2568c099,0,full,factual,none,none, ,factual-full-biased_none-questions,150-2|QID837|227-2|QID838|85-1|837-1|975-1|QID840|80-1|QID841,227-2,High Responsibility,High Responsibility,High confidence,1,1,1,1,1,1,1,1,1,1,1,1,1,1,1,227,The study was easy to understand.,No comments.,21,Democratic Party,,Male,,Suburban community,,Michigan,Bachelor degree,Asian-American,Other Christian denomination,
R_74986k8FzK6MRT8,696,67f6773f51ba59cb2568c099,0,full,factual,none,none, ,factual-full-biased_none-questions,150-2|QID837|227-2|QID838|85-1|837-1|975-1|QID840|80-1|QID841,85-1,High Responsibility,High Responsibility,High confidence,1,1,1,1,1,1,1,1,1,1,1,1,1,1,1,85,The study was easy to understand.,No comments.,22,Democratic Party,,Male,,Suburban community,,Michigan,Bachelor degree,Asian-American,Other Christian denomination,
R_74986k8FzK6MRT8,696,67f6773f51ba59cb2568c099,0,full,factual,none,none, ,factual-full-biased_none-questions,150-2|QID837|227-2|QID838|85-1|837-1|975-1|QID840|80-1|QID841,975-1,High Responsibility,High Responsibility,High confidence,1,1,1,1,1,1,1,1,1,1,1,1,1,1,1,975,The study was easy to understand.,No comments.,23,Democratic Party,,Male,,Suburban community,,Michigan,Bachelor degree,Asian-American,Other Christian denomination,
R_74986k8FzK6MRT8,696,67f6773f51ba59cb2568c099,0,full,factual,none,none, ,factual-full-biased_none-questions,150-2|QID837|227-2|QID838|85-1|837-1|975-1|QID840|80-1|QID841,80-1,High Responsibility,High Responsibility,High confidence,1,1,1,1,1,1,1,1,1,1,1,1,1,1,1,80,The study was easy to understand.,No comments.,24,Democratic Party,,Male,,Suburban community,,Michigan,Bachelor degree,Asian-American,Other Christian denomination,
R_3D5rc3dZcuEMtRp,526,5f2f21ab32376614a22ffdff,1,full,1-CF,none,1,HPxTR,FL_273|factual-cf-agent1-full-biased_none-HPxTR-questions|factual-cf-agent1-full-biased_none-TRxCH-questions|factual-cf-agent1-full-biased_none-TRxTR-questions|factual-cf-agent1-full-biased_none-HPxCH-questions|factual-cf-agent1-full-biased_none-BFxCH-questions,,traj-670,Low Responsibility,High Responsibility,High confidence,1,1,0.5,1,1,0.5,1,1,0.5,1,1,0.5,1,1,0.5,670,Everything is clear,,26,Democratic Party,,Male,,City or urban community,,California,Bachelor degree,White,Islam,
R_3D5rc3dZcuEMtRp,526,5f2f21ab32376614a22ffdff,1,full,1-CF,none,1,TRxCH,FL_273|factual-cf-agent1-full-biased_none-HPxTR-questions|factual-cf-agent1-full-biased_none-TRxCH-questions|factual-cf-agent1-full-biased_none-TRxTR-questions|factual-cf-agent1-full-biased_none-HPxCH-questions|factual-cf-agent1-full-biased_none-BFxCH-questions,,traj-535,High Responsibility,Low Responsibility,High confidence,1,1,0.5,1,1,0.5,1,1,0.5,1,1,0.5,1,1,0.5,535,Everything is clear,,27,Democratic Party,,Male,,City or urban community,,California,Bachelor degree,White,Islam,
R_3D5rc3dZcuEMtRp,526,5f2f21ab32376614a22ffdff,1,full,1-CF,none,1,TRxTR,FL_273|factual-cf-agent1-full-biased_none-HPxTR-questions|factual-cf-agent1-full-biased_none-TRxCH-questions|factual-cf-agent1-full-biased_none-TRxTR-questions|factual-cf-agent1-full-biased_none-HPxCH-questions|factual-cf-agent1-full-biased_none-BFxCH-questions,,traj-337,Low Responsibility,High Responsibility,High confidence,1,1,0.5,1,1,0.5,1,1,0.5,1,1,0.5,1,1,0.5,337,Everything is clear,,28,Democratic Party,,Male,,City or urban community,,California,Bachelor degree,White,Islam,
R_3D5rc3dZcuEMtRp,526,5f2f21ab32376614a22ffdff,1,full,1-CF,none,1,HPxCH,FL_273|factual-cf-agent1-full-biased_none-HPxTR-questions|factual-cf-agent1-full-biased_none-TRxCH-questions|factual-cf-agent1-full-biased_none-TRxTR-questions|factual-cf-agent1-full-biased_none-HPxCH-questions|factual-cf-agent1-full-biased_none-BFxCH-questions,,traj-333-1,Low Responsibility,High Responsibility,High confidence,1,1,0.5,1,1,0.5,1,1,0.5,1,1,0.5,1,1,0.5,333,Everything is clear,,29,Democratic Party,,Male,,City or urban community,,California,Bachelor degree,White,Islam,
R_3D5rc3dZcuEMtRp,526,5f2f21ab32376614a22ffdff,1,full,1-CF,none,1,BFxCH,FL_273|factual-cf-agent1-full-biased_none-HPxTR-questions|factual-cf-agent1-full-biased_none-TRxCH-questions|factual-cf-agent1-full-biased_none-TRxTR-questions|factual-cf-agent1-full-biased_none-HPxCH-questions|factual-cf-agent1-full-biased_none-BFxCH-questions,,traj-581,Low Responsibility,High Responsibility,High confidence,1,1,0.5,1,1,0.5,1,1,0.5,0.5,0.5,0,1,1,0.5,581,Everything is clear,,30,Democratic Party,,Male,,City or urban community,,California,Bachelor degree,White,Islam,
R_1SC9zjQhMZHY7YZ,628,6657ed2832d193b558887195,1,partial,1-CF,none,1,TRxCH,factual-cf-agent1-partial-biased_none-TRxCH-questions|factual-cf-agent1-partial-biased_none-BFxCH-questions|factual-cf-agent1-partial-biased_none-HPxTR-questions|factual-cf-agent1-partial-biased_none-TRxTR-questions|factual-cf-agent1-partial-biased_none-HPxCH-questions|FL_263,,traj-462,Medium Responsibility,Medium Responsibility,High confidence,1,1,0,1,1,0,1,1,0,1,1,0,1,1,0,462,Everything was clear and easy to understand.,Thank you for this study opportunity!,35,Independent,,Female,,Rural community,,New Mexico,Some college but no degree,"Spanish, Hispanic, or Latino,White",Protestantism,
R_1SC9zjQhMZHY7YZ,628,6657ed2832d193b558887195,1,partial,1-CF,none,1,BFxCH,factual-cf-agent1-partial-biased_none-TRxCH-questions|factual-cf-agent1-partial-biased_none-BFxCH-questions|factual-cf-agent1-partial-biased_none-HPxTR-questions|factual-cf-agent1-partial-biased_none-TRxTR-questions|factual-cf-agent1-partial-biased_none-HPxCH-questions|FL_263,,traj-503-2,Low Responsibility,High Responsibility,Medium confidence,1,1,0.5,1,1,0.5,1,1,0.5,1,1,0.5,1,1,0.5,503,Everything was clear and easy to understand.,Thank you for this study opportunity!,36,Independent,,Female,,Rural community,,New Mexico,Some college but no degree,"Spanish, Hispanic, or Latino,White",Protestantism,
R_1SC9zjQhMZHY7YZ,628,6657ed2832d193b558887195,1,partial,1-CF,none,1,HPxTR,factual-cf-agent1-partial-biased_none-TRxCH-questions|factual-cf-agent1-partial-biased_none-BFxCH-questions|factual-cf-agent1-partial-biased_none-HPxTR-questions|factual-cf-agent1-partial-biased_none-TRxTR-questions|factual-cf-agent1-partial-biased_none-HPxCH-questions|FL_263,,traj-290-1,Medium Responsibility,High Responsibility,Medium confidence,1,1,0.5,1,1,0.5,1,1,0.5,1,1,0.5,1,1,0.5,290,Everything was clear and easy to understand.,Thank you for this study opportunity!,37,Independent,,Female,,Rural community,,New Mexico,Some college but no degree,"Spanish, Hispanic, or Latino,White",Protestantism,
R_1SC9zjQhMZHY7YZ,628,6657ed2832d193b558887195,1,partial,1-CF,none,1,TRxTR,factual-cf-agent1-partial-biased_none-TRxCH-questions|factual-cf-agent1-partial-biased_none-BFxCH-questions|factual-cf-agent1-partial-biased_none-HPxTR-questions|factual-cf-agent1-partial-biased_none-TRxTR-questions|factual-cf-agent1-partial-biased_none-HPxCH-questions|FL_263,,traj-921,High Responsibility,High Responsibility,High confidence,1,1,1,1,1,1,1,1,1,0.5,0.5,0,1,1,1,921,Everything was clear and easy to understand.,Thank you for this study opportunity!,38,Independent,,Female,,Rural community,,New Mexico,Some college but no degree,"Spanish, Hispanic, or Latino,White",Protestantism,
R_1SC9zjQhMZHY7YZ,628,6657ed2832d193b558887195,1,partial,1-CF,none,1,HPxCH,factual-cf-agent1-partial-biased_none-TRxCH-questions|factual-cf-agent1-partial-biased_none-BFxCH-questions|factual-cf-agent1-partial-biased_none-HPxTR-questions|factual-cf-agent1-partial-biased_none-TRxTR-questions|factual-cf-agent1-partial-biased_none-HPxCH-questions|FL_263,,traj-822,Low Responsibility,Medium Responsibility,Medium confidence,1,1,0,1,1,0,1,1,0,1,1,0,1,1,0,822,Everything was clear and easy to understand.,Thank you for this study opportunity!,39,Independent,,Female,,Rural community,,New Mexico,Some college but no degree,"Spanish, Hispanic, or Latino,White",Protestantism,
R_5sQMkPJZBIETa3V,1045,67dc6c1d63a5acfb90529c43,1,partial,1-CF,0,0,TRxCH,factual-cf-agent0-partial-biased_0-TRxCH-questions|factual-cf-agent0-partial-biased_0-HPxTR-questions|FL_249|factual-cf-agent0-partial-biased_0-BFxCH-questions|factual-cf-agent0-partial-biased_0-TRxTR-questions|factual-cf-agent0-partial-biased_0-HPxCH-questions,,traj-160,Low Responsibility,High Responsibility,High confidence,1,0.5,0,1,0.5,0,1,0.5,0,1,0.5,0,1,0.5,0,160,The wording was clear.,No comments.,25,Republican Party,,Male,,Suburban community,,Michigan,Bachelor degree,White,Other Christian denomination,
R_5sQMkPJZBIETa3V,1045,67dc6c1d63a5acfb90529c43,1,partial,1-CF,0,0,HPxTR,factual-cf-agent0-partial-biased_0-TRxCH-questions|factual-cf-agent0-partial-biased_0-HPxTR-questions|FL_249|factual-cf-agent0-partial-biased_0-BFxCH-questions|factual-cf-agent0-partial-biased_0-TRxTR-questions|factual-cf-agent0-partial-biased_0-HPxCH-questions,,traj-48,High Responsibility,Medium Responsibility,High confidence,1,0.5,1,1,0.5,1,1,0.5,1,1,0.5,1,1,0.5,1,48,The wording was clear.,No comments.,26,Republican Party,,Male,,Suburban community,,Michigan,Bachelor degree,White,Other Christian denomination,
R_5sQMkPJZBIETa3V,1045,67dc6c1d63a5acfb90529c43,1,partial,1-CF,0,0,BFxCH,factual-cf-agent0-partial-biased_0-TRxCH-questions|factual-cf-agent0-partial-biased_0-HPxTR-questions|FL_249|factual-cf-agent0-partial-biased_0-BFxCH-questions|factual-cf-agent0-partial-biased_0-TRxTR-questions|factual-cf-agent0-partial-biased_0-HPxCH-questions,,traj-669,High Responsibility,Low Responsibility,High confidence,1,0.5,0.5,1,0.5,0.5,1,0.5,0.5,1,0.5,0.5,1,0.5,0.5,669,The wording was clear.,No comments.,27,Republican Party,,Male,,Suburban community,,Michigan,Bachelor degree,White,Other Christian denomination,
R_5sQMkPJZBIETa3V,1045,67dc6c1d63a5acfb90529c43,1,partial,1-CF,0,0,TRxTR,factual-cf-agent0-partial-biased_0-TRxCH-questions|factual-cf-agent0-partial-biased_0-HPxTR-questions|FL_249|factual-cf-agent0-partial-biased_0-BFxCH-questions|factual-cf-agent0-partial-biased_0-TRxTR-questions|factual-cf-agent0-partial-biased_0-HPxCH-questions,,traj-922,Medium Responsibility,High Responsibility,High confidence,1,1,0.5,1,1,0.5,1,1,0.5,0.5,1,1,1,1,0.5,922,The wording was clear.,No comments.,28,Republican Party,,Male,,Suburban community,,Michigan,Bachelor degree,White,Other Christian denomination,
R_5sQMkPJZBIETa3V,1045,67dc6c1d63a5acfb90529c43,1,partial,1-CF,0,0,HPxCH,factual-cf-agent0-partial-biased_0-TRxCH-questions|factual-cf-agent0-partial-biased_0-HPxTR-questions|FL_249|factual-cf-agent0-partial-biased_0-BFxCH-questions|factual-cf-agent0-partial-biased_0-TRxTR-questions|factual-cf-agent0-partial-biased_0-HPxCH-questions,,traj-873,Medium Responsibility,Medium Responsibility,High confidence,1,0,0,1,0,0,1,0,0,1,0,0,1,0,0,873,The wording was clear.,No comments.,29,Republican Party,,Male,,Suburban community,,Michigan,Bachelor degree,White,Other Christian denomination,
R_3Ic1CHU1XGOPxWr,1420,67a6f894b83c18f994fe4bd9,1,partial,1-CF,1,1,TRxTR,FL_261|factual-cf-agent1-partial-biased_1-TRxTR-questions|factual-cf-agent1-partial-biased_1-BFxCH-questions|factual-cf-agent1-partial-biased_1-HPxTR-questions|factual-cf-agent1-partial-biased_1-TRxCH-questions|factual-cf-agent1-partial-biased_1-HPxCH-questions,,traj-534-1,Medium Responsibility,Low Responsibility,Medium confidence,1,1,0,1,1,0,1,1,0,0.5,0.5,0.5,1,1,0,534,Seemed pretty clear ,Very Interesting survey. Ill probably be thinking about this for most of the night now lol,41,Democratic Party,,Male,,City or urban community,,Oregon,Less than high school degree,Black or African-American,Catholicism,
R_3Ic1CHU1XGOPxWr,1420,67a6f894b83c18f994fe4bd9,1,partial,1-CF,1,1,BFxCH,FL_261|factual-cf-agent1-partial-biased_1-TRxTR-questions|factual-cf-agent1-partial-biased_1-BFxCH-questions|factual-cf-agent1-partial-biased_1-HPxTR-questions|factual-cf-agent1-partial-biased_1-TRxCH-questions|factual-cf-agent1-partial-biased_1-HPxCH-questions,,traj-792,Medium Responsibility,Low Responsibility,High confidence,1,1,0,1,1,0,1,1,0,1,1,0,1,1,0,792,Seemed pretty clear ,Very Interesting survey. Ill probably be thinking about this for most of the night now lol,42,Democratic Party,,Male,,City or urban community,,Oregon,Less than high school degree,Black or African-American,Catholicism,
R_3Ic1CHU1XGOPxWr,1420,67a6f894b83c18f994fe4bd9,1,partial,1-CF,1,1,HPxTR,FL_261|factual-cf-agent1-partial-biased_1-TRxTR-questions|factual-cf-agent1-partial-biased_1-BFxCH-questions|factual-cf-agent1-partial-biased_1-HPxTR-questions|factual-cf-agent1-partial-biased_1-TRxCH-questions|factual-cf-agent1-partial-biased_1-HPxCH-questions,,traj-213-1,Low Responsibility,Medium Responsibility,Low confidence,1,1,0,1,1,0,1,1,0,0.5,0.5,0.5,1,1,0,213,Seemed pretty clear ,Very Interesting survey. Ill probably be thinking about this for most of the night now lol,43,Democratic Party,,Male,,City or urban community,,Oregon,Less than high school degree,Black or African-American,Catholicism,
R_3Ic1CHU1XGOPxWr,1420,67a6f894b83c18f994fe4bd9,1,partial,1-CF,1,1,TRxCH,FL_261|factual-cf-agent1-partial-biased_1-TRxTR-questions|factual-cf-agent1-partial-biased_1-BFxCH-questions|factual-cf-agent1-partial-biased_1-HPxTR-questions|factual-cf-agent1-partial-biased_1-TRxCH-questions|factual-cf-agent1-partial-biased_1-HPxCH-questions,,traj-471-1,Medium Responsibility,Low Responsibility,Medium confidence,1,1,0,1,1,0,1,1,0,1,1,0,1,1,0,471,Seemed pretty clear ,Very Interesting survey. Ill probably be thinking about this for most of the night now lol,44,Democratic Party,,Male,,City or urban community,,Oregon,Less than high school degree,Black or African-American,Catholicism,
R_3Ic1CHU1XGOPxWr,1420,67a6f894b83c18f994fe4bd9,1,partial,1-CF,1,1,HPxCH,FL_261|factual-cf-agent1-partial-biased_1-TRxTR-questions|factual-cf-agent1-partial-biased_1-BFxCH-questions|factual-cf-agent1-partial-biased_1-HPxTR-questions|factual-cf-agent1-partial-biased_1-TRxCH-questions|factual-cf-agent1-partial-biased_1-HPxCH-questions,,traj-256,Medium Responsibility,Low Responsibility,Medium confidence,0.5,1,0.5,0.5,1,0.5,0.5,1,0.5,0.5,0.5,0.5,0.5,1,0.5,256,Seemed pretty clear ,Very Interesting survey. Ill probably be thinking about this for most of the night now lol,45,Democratic Party,,Male,,City or urban community,,Oregon,Less than high school degree,Black or African-American,Catholicism,
R_31Ly8d7OC2KynhB,532,67f6cb95a15a6a67ac05b16a,2,partial,2-CF,none,both,TRxTR,factual-cf-both-agents-partial-biased_none-TRxTR-questions|FL_258|factual-cf-both-agents-partial-biased_none-HPxCH-questions|factual-cf-both-agents-partial-biased_none-TRxCH-questions|factual-cf-both-agents-partial-biased_none-HPxTR-questions|factual-cf-both-agents-partial-biased_none-BFxCH-questions,,traj-596-1,High Responsibility,Medium Responsibility,Medium confidence,1,1,0.5,1,1,0.5,1,1,0.5,1,1,0.5,1,1,0.5,596,"The question asks about Alex and AP-5's responsibility for the team's loss, but the specific actions or decisions they made in the original game aren't described in detail. Knowing the players' exact actions (especially in round #1) would help in understanding how their moves led to the team's loss.",Great study,31,Democratic Party,,Female,,City or urban community,,New York,Bachelor degree,White,Catholicism,
R_31Ly8d7OC2KynhB,532,67f6cb95a15a6a67ac05b16a,2,partial,2-CF,none,both,HPxCH,factual-cf-both-agents-partial-biased_none-TRxTR-questions|FL_258|factual-cf-both-agents-partial-biased_none-HPxCH-questions|factual-cf-both-agents-partial-biased_none-TRxCH-questions|factual-cf-both-agents-partial-biased_none-HPxTR-questions|factual-cf-both-agents-partial-biased_none-BFxCH-questions,,traj-643,High Responsibility,High Responsibility,High confidence,0.5,0.5,0,0.5,0.5,0,0.5,0.5,0,0.5,0.5,0,0.5,0.5,0,643,"The question asks about Alex and AP-5's responsibility for the team's loss, but the specific actions or decisions they made in the original game aren't described in detail. Knowing the players' exact actions (especially in round #1) would help in understanding how their moves led to the team's loss.",Great study,32,Democratic Party,,Female,,City or urban community,,New York,Bachelor degree,White,Catholicism,
R_31Ly8d7OC2KynhB,532,67f6cb95a15a6a67ac05b16a,2,partial,2-CF,none,both,TRxCH,factual-cf-both-agents-partial-biased_none-TRxTR-questions|FL_258|factual-cf-both-agents-partial-biased_none-HPxCH-questions|factual-cf-both-agents-partial-biased_none-TRxCH-questions|factual-cf-both-agents-partial-biased_none-HPxTR-questions|factual-cf-both-agents-partial-biased_none-BFxCH-questions,,traj-181-1,Low Responsibility,High Responsibility,Medium confidence,1,1,0.5,1,1,0.5,1,1,0.5,1,1,0.5,1,1,0.5,181,"The question asks about Alex and AP-5's responsibility for the team's loss, but the specific actions or decisions they made in the original game aren't described in detail. Knowing the players' exact actions (especially in round #1) would help in understanding how their moves led to the team's loss.",Great study,33,Democratic Party,,Female,,City or urban community,,New York,Bachelor degree,White,Catholicism,
R_31Ly8d7OC2KynhB,532,67f6cb95a15a6a67ac05b16a,2,partial,2-CF,none,both,HPxTR,factual-cf-both-agents-partial-biased_none-TRxTR-questions|FL_258|factual-cf-both-agents-partial-biased_none-HPxCH-questions|factual-cf-both-agents-partial-biased_none-TRxCH-questions|factual-cf-both-agents-partial-biased_none-HPxTR-questions|factual-cf-both-agents-partial-biased_none-BFxCH-questions,,traj-921-1,Medium Responsibility,High Responsibility,Medium confidence,1,1,0.5,1,1,0.5,1,1,0.5,0.5,0.5,0.5,1,1,0.5,921,"The question asks about Alex and AP-5's responsibility for the team's loss, but the specific actions or decisions they made in the original game aren't described in detail. Knowing the players' exact actions (especially in round #1) would help in understanding how their moves led to the team's loss.",Great study,34,Democratic Party,,Female,,City or urban community,,New York,Bachelor degree,White,Catholicism,
R_31Ly8d7OC2KynhB,532,67f6cb95a15a6a67ac05b16a,2,partial,2-CF,none,both,BFxCH,factual-cf-both-agents-partial-biased_none-TRxTR-questions|FL_258|factual-cf-both-agents-partial-biased_none-HPxCH-questions|factual-cf-both-agents-partial-biased_none-TRxCH-questions|factual-cf-both-agents-partial-biased_none-HPxTR-questions|factual-cf-both-agents-partial-biased_none-BFxCH-questions,,traj-633,High Responsibility,Low Responsibility,High confidence,1,1,0.5,1,1,0.5,1,1,0.5,1,1,0.5,1,1,0.5,633,"The question asks about Alex and AP-5's responsibility for the team's loss, but the specific actions or decisions they made in the original game aren't described in detail. Knowing the players' exact actions (especially in round #1) would help in understanding how their moves led to the team's loss.",Great study,35,Democratic Party,,Female,,City or urban community,,New York,Bachelor degree,White,Catholicism,
R_3t5KtxQ1AKEU2L7,1753,6745d5e8f25fa2c4ca556e9c,2,full,2-CF,both,both,HPxTR,factual-cf-both-agents-full-biased_both-HPxTR-questions|factual-cf-both-agents-full-biased_both-TRxCH-questions|factual-cf-both-agents-full-biased_both-HPxCH-questions|factual-cf-both-agents-full-biased_both-TRxTR-questions|factual-cf-both-agents-full-biased_both-BFxCH-questions|FL_277,,traj-111,Medium Responsibility,Medium Responsibility,High confidence,1,1,0,1,1,0,1,1,0,0.5,0.5,1,1,1,0,111,it was clear,,44,Republican Party,,Female,,City or urban community,,Texas,Bachelor degree,White,Catholicism,
R_3t5KtxQ1AKEU2L7,1753,6745d5e8f25fa2c4ca556e9c,2,full,2-CF,both,both,TRxCH,factual-cf-both-agents-full-biased_both-HPxTR-questions|factual-cf-both-agents-full-biased_both-TRxCH-questions|factual-cf-both-agents-full-biased_both-HPxCH-questions|factual-cf-both-agents-full-biased_both-TRxTR-questions|factual-cf-both-agents-full-biased_both-BFxCH-questions|FL_277,,traj-663,High Responsibility,High Responsibility,High confidence,0.5,0.5,0,0.5,0.5,0,0.5,0.5,0,0.5,0.5,0,0.5,0.5,0,663,it was clear,,45,Republican Party,,Female,,City or urban community,,Texas,Bachelor degree,White,Catholicism,
R_3t5KtxQ1AKEU2L7,1753,6745d5e8f25fa2c4ca556e9c,2,full,2-CF,both,both,HPxCH,factual-cf-both-agents-full-biased_both-HPxTR-questions|factual-cf-both-agents-full-biased_both-TRxCH-questions|factual-cf-both-agents-full-biased_both-HPxCH-questions|factual-cf-both-agents-full-biased_both-TRxTR-questions|factual-cf-both-agents-full-biased_both-BFxCH-questions|FL_277,,traj-49-1,Medium Responsibility,Medium Responsibility,Medium confidence,1,1,0,1,1,0,1,1,0,0.5,0.5,1,1,1,0,49,it was clear,,46,Republican Party,,Female,,City or urban community,,Texas,Bachelor degree,White,Catholicism,
R_3t5KtxQ1AKEU2L7,1753,6745d5e8f25fa2c4ca556e9c,2,full,2-CF,both,both,TRxTR,factual-cf-both-agents-full-biased_both-HPxTR-questions|factual-cf-both-agents-full-biased_both-TRxCH-questions|factual-cf-both-agents-full-biased_both-HPxCH-questions|factual-cf-both-agents-full-biased_both-TRxTR-questions|factual-cf-both-agents-full-biased_both-BFxCH-questions|FL_277,,traj-681-2,Medium Responsibility,Medium Responsibility,High confidence,0.5,0.5,1,0.5,0.5,1,0.5,0.5,1,0.5,0.5,1,0.5,0.5,1,681,it was clear,,47,Republican Party,,Female,,City or urban community,,Texas,Bachelor degree,White,Catholicism,
R_3t5KtxQ1AKEU2L7,1753,6745d5e8f25fa2c4ca556e9c,2,full,2-CF,both,both,BFxCH,factual-cf-both-agents-full-biased_both-HPxTR-questions|factual-cf-both-agents-full-biased_both-TRxCH-questions|factual-cf-both-agents-full-biased_both-HPxCH-questions|factual-cf-both-agents-full-biased_both-TRxTR-questions|factual-cf-both-agents-full-biased_both-BFxCH-questions|FL_277,,traj-301,High Responsibility,High Responsibility,High confidence,1,1,1,1,1,1,1,1,1,0.5,0.5,0,1,1,1,301,it was clear,,48,Republican Party,,Female,,City or urban community,,Texas,Bachelor degree,White,Catholicism,
R_1GpG9797jHb3JGV,3023,67ec1a0160529537417c4f36,2,full,2-CF,1,both,BFxCH,factual-cf-both-agents-full-biased_1-BFxCH-questions|factual-cf-both-agents-full-biased_1-HPxTR-questions|factual-cf-both-agents-full-biased_1-TRxCH-questions|factual-cf-both-agents-full-biased_1-TRxTR-questions|FL_276|factual-cf-both-agents-full-biased_1-HPxCH-questions,,traj-162-1,Medium Responsibility,High Responsibility,High confidence,0.5,1,1,0.5,1,1,0.5,1,1,0.5,1,1,0.5,1,1,162,"The questions were mostly clear, but the phrasing of counterfactual scenarios could be simplified to make them easier to follow.",,44,Democratic Party,,Female,,City or urban community,,Washington,"High school degree or equivalent (e.g., GED)",White,Catholicism,
R_1GpG9797jHb3JGV,3023,67ec1a0160529537417c4f36,2,full,2-CF,1,both,HPxTR,factual-cf-both-agents-full-biased_1-BFxCH-questions|factual-cf-both-agents-full-biased_1-HPxTR-questions|factual-cf-both-agents-full-biased_1-TRxCH-questions|factual-cf-both-agents-full-biased_1-TRxTR-questions|FL_276|factual-cf-both-agents-full-biased_1-HPxCH-questions,,traj-904,Medium Responsibility,High Responsibility,High confidence,1,1,0.5,1,1,0.5,1,1,0.5,1,1,0.5,1,1,0.5,904,"The questions were mostly clear, but the phrasing of counterfactual scenarios could be simplified to make them easier to follow.",,45,Democratic Party,,Female,,City or urban community,,Washington,"High school degree or equivalent (e.g., GED)",White,Catholicism,
R_1GpG9797jHb3JGV,3023,67ec1a0160529537417c4f36,2,full,2-CF,1,both,TRxCH,factual-cf-both-agents-full-biased_1-BFxCH-questions|factual-cf-both-agents-full-biased_1-HPxTR-questions|factual-cf-both-agents-full-biased_1-TRxCH-questions|factual-cf-both-agents-full-biased_1-TRxTR-questions|FL_276|factual-cf-both-agents-full-biased_1-HPxCH-questions,,traj-392,Medium Responsibility,High Responsibility,Medium confidence,0.5,0.5,0.5,0.5,0.5,0.5,0.5,0.5,0.5,0.5,0.5,0.5,0.5,0.5,0.5,392,"The questions were mostly clear, but the phrasing of counterfactual scenarios could be simplified to make them easier to follow.",,46,Democratic Party,,Female,,City or urban community,,Washington,"High school degree or equivalent (e.g., GED)",White,Catholicism,
R_1GpG9797jHb3JGV,3023,67ec1a0160529537417c4f36,2,full,2-CF,1,both,TRxTR,factual-cf-both-agents-full-biased_1-BFxCH-questions|factual-cf-both-agents-full-biased_1-HPxTR-questions|factual-cf-both-agents-full-biased_1-TRxCH-questions|factual-cf-both-agents-full-biased_1-TRxTR-questions|FL_276|factual-cf-both-agents-full-biased_1-HPxCH-questions,,traj-770,High Responsibility,Medium Responsibility,High confidence,1,1,0.5,1,1,0.5,1,1,0.5,1,1,0.5,1,1,0.5,770,"The questions were mostly clear, but the phrasing of counterfactual scenarios could be simplified to make them easier to follow.",,47,Democratic Party,,Female,,City or urban community,,Washington,"High school degree or equivalent (e.g., GED)",White,Catholicism,
R_1GpG9797jHb3JGV,3023,67ec1a0160529537417c4f36,2,full,2-CF,1,both,HPxCH,factual-cf-both-agents-full-biased_1-BFxCH-questions|factual-cf-both-agents-full-biased_1-HPxTR-questions|factual-cf-both-agents-full-biased_1-TRxCH-questions|factual-cf-both-agents-full-biased_1-TRxTR-questions|FL_276|factual-cf-both-agents-full-biased_1-HPxCH-questions,,traj-618-1,Medium Responsibility,Medium Responsibility,Medium confidence,1,1,0,1,1,0,1,1,0,0.5,1,0.5,1,1,0,618,"The questions were mostly clear, but the phrasing of counterfactual scenarios could be simplified to make them easier to follow.",,48,Democratic Party,,Female,,City or urban community,,Washington,"High school degree or equivalent (e.g., GED)",White,Catholicism,
R_10YPnYz28y4TMY1,2355,67f5c7abf5f13ea9a017e05b,2,partial,2-CF,1,both,TRxTR,FL_256|factual-cf-both-agents-partial-biased_1-TRxTR-questions|factual-cf-both-agents-partial-biased_1-TRxCH-questions|factual-cf-both-agents-partial-biased_1-HPxTR-questions|factual-cf-both-agents-partial-biased_1-HPxCH-questions|factual-cf-both-agents-partial-biased_1-BFxCH-questions,,traj-356,Low Responsibility,Low Responsibility,High confidence,1,1,0,1,1,0,1,1,0,0.5,0.5,0,1,1,0,356,"The wording was clear, I understood the rules clearly and with ease.",The study was alright. Thank you,24,Republican Party,,Female,,City or urban community,,Texas,Graduate degree,White,Catholicism,
R_10YPnYz28y4TMY1,2355,67f5c7abf5f13ea9a017e05b,2,partial,2-CF,1,both,TRxCH,FL_256|factual-cf-both-agents-partial-biased_1-TRxTR-questions|factual-cf-both-agents-partial-biased_1-TRxCH-questions|factual-cf-both-agents-partial-biased_1-HPxTR-questions|factual-cf-both-agents-partial-biased_1-HPxCH-questions|factual-cf-both-agents-partial-biased_1-BFxCH-questions,,traj-701,High Responsibility,Medium Responsibility,High confidence,0.5,1,0,0.5,1,0,0.5,1,0,0.5,1,0,0.5,1,0,701,"The wording was clear, I understood the rules clearly and with ease.",The study was alright. Thank you,25,Republican Party,,Female,,City or urban community,,Texas,Graduate degree,White,Catholicism,
R_10YPnYz28y4TMY1,2355,67f5c7abf5f13ea9a017e05b,2,partial,2-CF,1,both,HPxTR,FL_256|factual-cf-both-agents-partial-biased_1-TRxTR-questions|factual-cf-both-agents-partial-biased_1-TRxCH-questions|factual-cf-both-agents-partial-biased_1-HPxTR-questions|factual-cf-both-agents-partial-biased_1-HPxCH-questions|factual-cf-both-agents-partial-biased_1-BFxCH-questions,,traj-14,High Responsibility,Low Responsibility,High confidence,0.5,1,0,0.5,1,0,0.5,1,0,0.5,0.5,0,0.5,1,0,14,"The wording was clear, I understood the rules clearly and with ease.",The study was alright. Thank you,26,Republican Party,,Female,,City or urban community,,Texas,Graduate degree,White,Catholicism,
R_10YPnYz28y4TMY1,2355,67f5c7abf5f13ea9a017e05b,2,partial,2-CF,1,both,HPxCH,FL_256|factual-cf-both-agents-partial-biased_1-TRxTR-questions|factual-cf-both-agents-partial-biased_1-TRxCH-questions|factual-cf-both-agents-partial-biased_1-HPxTR-questions|factual-cf-both-agents-partial-biased_1-HPxCH-questions|factual-cf-both-agents-partial-biased_1-BFxCH-questions,,traj-213,High Responsibility,High Responsibility,High confidence,1,1,1,1,1,1,1,1,1,0.5,0.5,0,1,1,1,213,"The wording was clear, I understood the rules clearly and with ease.",The study was alright. Thank you,27,Republican Party,,Female,,City or urban community,,Texas,Graduate degree,White,Catholicism,
R_10YPnYz28y4TMY1,2355,67f5c7abf5f13ea9a017e05b,2,partial,2-CF,1,both,BFxCH,FL_256|factual-cf-both-agents-partial-biased_1-TRxTR-questions|factual-cf-both-agents-partial-biased_1-TRxCH-questions|factual-cf-both-agents-partial-biased_1-HPxTR-questions|factual-cf-both-agents-partial-biased_1-HPxCH-questions|factual-cf-both-agents-partial-biased_1-BFxCH-questions,,traj-891-3,High Responsibility,High Responsibility,High confidence,1,1,1,1,1,1,1,1,1,0.5,0.5,0,1,1,1,891,"The wording was clear, I understood the rules clearly and with ease.",The study was alright. Thank you,28,Republican Party,,Female,,City or urban community,,Texas,Graduate degree,White,Catholicism,
R_5sJxLJ3h9QLVWKt,1238,675b9a072275e60fc54518e6,0,partial,factual,1,none,HPxCH,factual-partial-biased_1-HPxCH-questions|FL_281|factual-partial-biased_1-TRxTR-questions|factual-partial-biased_1-BFxCH-questions|factual-partial-biased_1-TRxCH-questions|factual-partial-biased_1-HPxTR-questions,,traj-485,Low Responsibility,Medium Responsibility,Medium confidence,0.5,1,0,0.5,1,0,0.5,1,0,0.5,1,0,0.5,1,0,485,"At first i was confused but then i eventually figured out each set i am to put the numbers together from each side and see which person had the higher and lower numbers from alex to the ai and which was more responsible in my eyes for losing the game, i enjoyed taking this survey and really appreciate the opportunity.",Possibly a video tutorial my have made it easier to learn from the get go but none the less I was able to learn it and do the mental math to hopefully get them all right. I really appreciate you letting me take this survey:),25,Republican Party,,Male,,City or urban community,,Illinois,"High school degree or equivalent (e.g., GED)",White,Other Christian denomination,
R_5sJxLJ3h9QLVWKt,1238,675b9a072275e60fc54518e6,0,partial,factual,1,none,TRxTR,factual-partial-biased_1-HPxCH-questions|FL_281|factual-partial-biased_1-TRxTR-questions|factual-partial-biased_1-BFxCH-questions|factual-partial-biased_1-TRxCH-questions|factual-partial-biased_1-HPxTR-questions,,traj-546,Medium Responsibility,Low Responsibility,Medium confidence,1,0.5,0,1,0.5,0,1,0.5,0,1,0.5,0,1,0.5,0,546,"At first i was confused but then i eventually figured out each set i am to put the numbers together from each side and see which person had the higher and lower numbers from alex to the ai and which was more responsible in my eyes for losing the game, i enjoyed taking this survey and really appreciate the opportunity.",Possibly a video tutorial my have made it easier to learn from the get go but none the less I was able to learn it and do the mental math to hopefully get them all right. I really appreciate you letting me take this survey:),26,Republican Party,,Male,,City or urban community,,Illinois,"High school degree or equivalent (e.g., GED)",White,Other Christian denomination,
R_5sJxLJ3h9QLVWKt,1238,675b9a072275e60fc54518e6,0,partial,factual,1,none,BFxCH,factual-partial-biased_1-HPxCH-questions|FL_281|factual-partial-biased_1-TRxTR-questions|factual-partial-biased_1-BFxCH-questions|factual-partial-biased_1-TRxCH-questions|factual-partial-biased_1-HPxTR-questions,,traj-108,High Responsibility,Low Responsibility,High confidence,0.5,0.5,0,0.5,0.5,0,0.5,0.5,0,0.5,0.5,0,0.5,0.5,0,108,"At first i was confused but then i eventually figured out each set i am to put the numbers together from each side and see which person had the higher and lower numbers from alex to the ai and which was more responsible in my eyes for losing the game, i enjoyed taking this survey and really appreciate the opportunity.",Possibly a video tutorial my have made it easier to learn from the get go but none the less I was able to learn it and do the mental math to hopefully get them all right. I really appreciate you letting me take this survey:),27,Republican Party,,Male,,City or urban community,,Illinois,"High school degree or equivalent (e.g., GED)",White,Other Christian denomination,
R_5sJxLJ3h9QLVWKt,1238,675b9a072275e60fc54518e6,0,partial,factual,1,none,TRxCH,factual-partial-biased_1-HPxCH-questions|FL_281|factual-partial-biased_1-TRxTR-questions|factual-partial-biased_1-BFxCH-questions|factual-partial-biased_1-TRxCH-questions|factual-partial-biased_1-HPxTR-questions,,traj-299,Medium Responsibility,High Responsibility,Medium confidence,1,1,0.5,1,1,0.5,1,1,0.5,1,1,0.5,1,1,0.5,299,"At first i was confused but then i eventually figured out each set i am to put the numbers together from each side and see which person had the higher and lower numbers from alex to the ai and which was more responsible in my eyes for losing the game, i enjoyed taking this survey and really appreciate the opportunity.",Possibly a video tutorial my have made it easier to learn from the get go but none the less I was able to learn it and do the mental math to hopefully get them all right. I really appreciate you letting me take this survey:),28,Republican Party,,Male,,City or urban community,,Illinois,"High school degree or equivalent (e.g., GED)",White,Other Christian denomination,
R_5sJxLJ3h9QLVWKt,1238,675b9a072275e60fc54518e6,0,partial,factual,1,none,HPxTR,factual-partial-biased_1-HPxCH-questions|FL_281|factual-partial-biased_1-TRxTR-questions|factual-partial-biased_1-BFxCH-questions|factual-partial-biased_1-TRxCH-questions|factual-partial-biased_1-HPxTR-questions,,traj-89,Low Responsibility,High Responsibility,High confidence,1,1,0.5,1,1,0.5,1,1,0.5,0.5,1,0.5,1,1,0.5,89,"At first i was confused but then i eventually figured out each set i am to put the numbers together from each side and see which person had the higher and lower numbers from alex to the ai and which was more responsible in my eyes for losing the game, i enjoyed taking this survey and really appreciate the opportunity.",Possibly a video tutorial my have made it easier to learn from the get go but none the less I was able to learn it and do the mental math to hopefully get them all right. I really appreciate you letting me take this survey:),29,Republican Party,,Male,,City or urban community,,Illinois,"High school degree or equivalent (e.g., GED)",White,Other Christian denomination,
R_1eR8YTbuLdCdlR2,1373,67eea8335d8dc4ba1fd3379a,1,full,1-CF,1,1,HPxCH,factual-cf-agent1-full-biased_1-HPxCH-questions|factual-cf-agent1-full-biased_1-TRxCH-questions|FL_271|factual-cf-agent1-full-biased_1-TRxTR-questions|factual-cf-agent1-full-biased_1-HPxTR-questions|factual-cf-agent1-full-biased_1-BFxCH-questions,,traj-664,Low Responsibility,High Responsibility,High confidence,0.5,1,0.5,0.5,1,0.5,0.5,1,0.5,0.5,1,0.5,0.5,1,0.5,664,The instructions are not too clear.,No comment,22,Republican Party,,Male,,Suburban community,,Mississippi,Bachelor degree,White,Catholicism,
R_1eR8YTbuLdCdlR2,1373,67eea8335d8dc4ba1fd3379a,1,full,1-CF,1,1,TRxCH,factual-cf-agent1-full-biased_1-HPxCH-questions|factual-cf-agent1-full-biased_1-TRxCH-questions|FL_271|factual-cf-agent1-full-biased_1-TRxTR-questions|factual-cf-agent1-full-biased_1-HPxTR-questions|factual-cf-agent1-full-biased_1-BFxCH-questions,,traj-785-1,Low Responsibility,High Responsibility,High confidence,0.5,0.5,0,0.5,0.5,0,0.5,0.5,0,0.5,0.5,0,0.5,0.5,0,785,The instructions are not too clear.,No comment,23,Republican Party,,Male,,Suburban community,,Mississippi,Bachelor degree,White,Catholicism,
R_1eR8YTbuLdCdlR2,1373,67eea8335d8dc4ba1fd3379a,1,full,1-CF,1,1,TRxTR,factual-cf-agent1-full-biased_1-HPxCH-questions|factual-cf-agent1-full-biased_1-TRxCH-questions|FL_271|factual-cf-agent1-full-biased_1-TRxTR-questions|factual-cf-agent1-full-biased_1-HPxTR-questions|factual-cf-agent1-full-biased_1-BFxCH-questions,,traj-184,High Responsibility,Low Responsibility,High confidence,0,1,0,0,1,0,0,1,0,0,1,0,0,1,0,184,The instructions are not too clear.,No comment,24,Republican Party,,Male,,Suburban community,,Mississippi,Bachelor degree,White,Catholicism,
R_1eR8YTbuLdCdlR2,1373,67eea8335d8dc4ba1fd3379a,1,full,1-CF,1,1,HPxTR,factual-cf-agent1-full-biased_1-HPxCH-questions|factual-cf-agent1-full-biased_1-TRxCH-questions|FL_271|factual-cf-agent1-full-biased_1-TRxTR-questions|factual-cf-agent1-full-biased_1-HPxTR-questions|factual-cf-agent1-full-biased_1-BFxCH-questions,,traj-320,Low Responsibility,High Responsibility,High confidence,0.5,0.5,0,0.5,0.5,0,0.5,0.5,0,0.5,0.5,0,0.5,0.5,0,320,The instructions are not too clear.,No comment,25,Republican Party,,Male,,Suburban community,,Mississippi,Bachelor degree,White,Catholicism,
R_1eR8YTbuLdCdlR2,1373,67eea8335d8dc4ba1fd3379a,1,full,1-CF,1,1,BFxCH,factual-cf-agent1-full-biased_1-HPxCH-questions|factual-cf-agent1-full-biased_1-TRxCH-questions|FL_271|factual-cf-agent1-full-biased_1-TRxTR-questions|factual-cf-agent1-full-biased_1-HPxTR-questions|factual-cf-agent1-full-biased_1-BFxCH-questions,,traj-940,Low Responsibility,High Responsibility,Medium confidence,0.5,1,0.5,0.5,0.5,0,0.5,1,0.5,0.5,0.5,0,0.5,1,0.5,940,The instructions are not too clear.,No comment,26,Republican Party,,Male,,Suburban community,,Mississippi,Bachelor degree,White,Catholicism,
R_6w1fervh3UxQpj1,997,67f76f63540dbc7b24233fb2,1,partial,1-CF,both,1,TRxTR,FL_262|factual-cf-agent1-partial-biased_both-TRxTR-questions|factual-cf-agent1-partial-biased_both-TRxCH-questions|factual-cf-agent1-partial-biased_both-HPxTR-questions|factual-cf-agent1-partial-biased_both-BFxCH-questions|factual-cf-agent1-partial-biased_both-HPxCH-questions,,traj-541,High Responsibility,High Responsibility,High confidence,0.5,0.5,0,0.5,0.5,0,0.5,0.5,0,0.5,0.5,0,0.5,0.5,0,541,The survey is good ,it is very technical ,57,Republican Party,,Male,,City or urban community,,Alabama,Graduate degree,White,Other Christian denomination,
R_6w1fervh3UxQpj1,997,67f76f63540dbc7b24233fb2,1,partial,1-CF,both,1,TRxCH,FL_262|factual-cf-agent1-partial-biased_both-TRxTR-questions|factual-cf-agent1-partial-biased_both-TRxCH-questions|factual-cf-agent1-partial-biased_both-HPxTR-questions|factual-cf-agent1-partial-biased_both-BFxCH-questions|factual-cf-agent1-partial-biased_both-HPxCH-questions,,traj-153-1,High Responsibility,High Responsibility,High confidence,1,1,1,1,1,1,1,1,1,1,1,1,1,1,1,153,The survey is good ,it is very technical ,58,Republican Party,,Male,,City or urban community,,Alabama,Graduate degree,White,Other Christian denomination,
R_6w1fervh3UxQpj1,997,67f76f63540dbc7b24233fb2,1,partial,1-CF,both,1,HPxTR,FL_262|factual-cf-agent1-partial-biased_both-TRxTR-questions|factual-cf-agent1-partial-biased_both-TRxCH-questions|factual-cf-agent1-partial-biased_both-HPxTR-questions|factual-cf-agent1-partial-biased_both-BFxCH-questions|factual-cf-agent1-partial-biased_both-HPxCH-questions,,traj-616,High Responsibility,High Responsibility,High confidence,0.5,0.5,0,0.5,0.5,0,0.5,0.5,0,0.5,0.5,0,0.5,0.5,0,616,The survey is good ,it is very technical ,59,Republican Party,,Male,,City or urban community,,Alabama,Graduate degree,White,Other Christian denomination,
R_6w1fervh3UxQpj1,997,67f76f63540dbc7b24233fb2,1,partial,1-CF,both,1,BFxCH,FL_262|factual-cf-agent1-partial-biased_both-TRxTR-questions|factual-cf-agent1-partial-biased_both-TRxCH-questions|factual-cf-agent1-partial-biased_both-HPxTR-questions|factual-cf-agent1-partial-biased_both-BFxCH-questions|factual-cf-agent1-partial-biased_both-HPxCH-questions,,traj-909-2,High Responsibility,High Responsibility,High confidence,0.5,0.5,0,0.5,0.5,0,0.5,0.5,0,0.5,0.5,0,0.5,0.5,0,909,The survey is good ,it is very technical ,60,Republican Party,,Male,,City or urban community,,Alabama,Graduate degree,White,Other Christian denomination,
R_6w1fervh3UxQpj1,997,67f76f63540dbc7b24233fb2,1,partial,1-CF,both,1,HPxCH,FL_262|factual-cf-agent1-partial-biased_both-TRxTR-questions|factual-cf-agent1-partial-biased_both-TRxCH-questions|factual-cf-agent1-partial-biased_both-HPxTR-questions|factual-cf-agent1-partial-biased_both-BFxCH-questions|factual-cf-agent1-partial-biased_both-HPxCH-questions,,traj-391,High Responsibility,High Responsibility,High confidence,0.5,0.5,0,0.5,0.5,0,0.5,0.5,0,0.5,0.5,0,0.5,0.5,0,391,The survey is good ,it is very technical ,61,Republican Party,,Male,,City or urban community,,Alabama,Graduate degree,White,Other Christian denomination,
R_7dzVO14hp4K0xQg,1508,67ce29b9e7b503290ef85551,1,partial,1-CF,1,0,TRxCH,FL_251|factual-cf-agent0-partial-biased_1-TRxCH-questions|factual-cf-agent0-partial-biased_1-BFxCH-questions|factual-cf-agent0-partial-biased_1-TRxTR-questions|factual-cf-agent0-partial-biased_1-HPxTR-questions|factual-cf-agent0-partial-biased_1-HPxCH-questions,,traj-292,High Responsibility,Low Responsibility,High confidence,0.5,1,0,0.5,1,0,0.5,1,0,0.5,1,0,0.5,1,0,292,The wording of the questions was clear enough.,,25,Republican Party,,Male,,Suburban community,,New York,Bachelor degree,White,Other Christian denomination,
R_7dzVO14hp4K0xQg,1508,67ce29b9e7b503290ef85551,1,partial,1-CF,1,0,BFxCH,FL_251|factual-cf-agent0-partial-biased_1-TRxCH-questions|factual-cf-agent0-partial-biased_1-BFxCH-questions|factual-cf-agent0-partial-biased_1-TRxTR-questions|factual-cf-agent0-partial-biased_1-HPxTR-questions|factual-cf-agent0-partial-biased_1-HPxCH-questions,,traj-338,High Responsibility,Medium Responsibility,High confidence,1,0,0.5,1,0,0.5,1,0,0.5,1,0,0.5,1,0,0.5,338,The wording of the questions was clear enough.,,26,Republican Party,,Male,,Suburban community,,New York,Bachelor degree,White,Other Christian denomination,
R_7dzVO14hp4K0xQg,1508,67ce29b9e7b503290ef85551,1,partial,1-CF,1,0,TRxTR,FL_251|factual-cf-agent0-partial-biased_1-TRxCH-questions|factual-cf-agent0-partial-biased_1-BFxCH-questions|factual-cf-agent0-partial-biased_1-TRxTR-questions|factual-cf-agent0-partial-biased_1-HPxTR-questions|factual-cf-agent0-partial-biased_1-HPxCH-questions,,traj-495,High Responsibility,Low Responsibility,High confidence,1,1,0.5,1,1,0.5,1,1,0.5,1,0.5,0.5,1,1,0.5,495,The wording of the questions was clear enough.,,27,Republican Party,,Male,,Suburban community,,New York,Bachelor degree,White,Other Christian denomination,
R_7dzVO14hp4K0xQg,1508,67ce29b9e7b503290ef85551,1,partial,1-CF,1,0,HPxTR,FL_251|factual-cf-agent0-partial-biased_1-TRxCH-questions|factual-cf-agent0-partial-biased_1-BFxCH-questions|factual-cf-agent0-partial-biased_1-TRxTR-questions|factual-cf-agent0-partial-biased_1-HPxTR-questions|factual-cf-agent0-partial-biased_1-HPxCH-questions,,traj-737,High Responsibility,High Responsibility,High confidence,0.5,1,0.5,0.5,1,0.5,0.5,1,0.5,0.5,0.5,0,0.5,1,0.5,737,The wording of the questions was clear enough.,,28,Republican Party,,Male,,Suburban community,,New York,Bachelor degree,White,Other Christian denomination,
R_7dzVO14hp4K0xQg,1508,67ce29b9e7b503290ef85551,1,partial,1-CF,1,0,HPxCH,FL_251|factual-cf-agent0-partial-biased_1-TRxCH-questions|factual-cf-agent0-partial-biased_1-BFxCH-questions|factual-cf-agent0-partial-biased_1-TRxTR-questions|factual-cf-agent0-partial-biased_1-HPxTR-questions|factual-cf-agent0-partial-biased_1-HPxCH-questions,,traj-761-1,High Responsibility,Medium Responsibility,High confidence,0.5,1,0,0.5,1,0,0.5,1,0,0.5,1,0,0.5,1,0,761,The wording of the questions was clear enough.,,29,Republican Party,,Male,,Suburban community,,New York,Bachelor degree,White,Other Christian denomination,
R_1BgjKmJSP1KdCN3,1710,67f09a34529886aa3bddde4b,1,partial,1-CF,0,1,TRxCH,factual-cf-agent1-partial-biased_0-TRxCH-questions|factual-cf-agent1-partial-biased_0-TRxTR-questions|factual-cf-agent1-partial-biased_0-HPxTR-questions|factual-cf-agent1-partial-biased_0-HPxCH-questions |factual-cf-agent1-partial-biased_0-BFxCH-questions|FL_260,,traj-181,High Responsibility,Low Responsibility,High confidence,1,0.5,0.5,1,0.5,0.5,1,0.5,0.5,1,0.5,0.5,1,0.5,0.5,181,"at the begining i found the wording confusing, but as time goes on it was gettinhg familliar to me to understand.",not at all.,37,Republican Party,,Female,,City or urban community,,Missouri,"High school degree or equivalent (e.g., GED)",White,Catholicism,
R_1BgjKmJSP1KdCN3,1710,67f09a34529886aa3bddde4b,1,partial,1-CF,0,1,TRxTR,factual-cf-agent1-partial-biased_0-TRxCH-questions|factual-cf-agent1-partial-biased_0-TRxTR-questions|factual-cf-agent1-partial-biased_0-HPxTR-questions|factual-cf-agent1-partial-biased_0-HPxCH-questions |factual-cf-agent1-partial-biased_0-BFxCH-questions|FL_260,,traj-805,High Responsibility,Low Responsibility,High confidence,1,1,0.5,1,1,0.5,1,1,0.5,1,0.5,0.5,1,1,0.5,805,"at the begining i found the wording confusing, but as time goes on it was gettinhg familliar to me to understand.",not at all.,38,Republican Party,,Female,,City or urban community,,Missouri,"High school degree or equivalent (e.g., GED)",White,Catholicism,
R_1BgjKmJSP1KdCN3,1710,67f09a34529886aa3bddde4b,1,partial,1-CF,0,1,HPxTR,factual-cf-agent1-partial-biased_0-TRxCH-questions|factual-cf-agent1-partial-biased_0-TRxTR-questions|factual-cf-agent1-partial-biased_0-HPxTR-questions|factual-cf-agent1-partial-biased_0-HPxCH-questions |factual-cf-agent1-partial-biased_0-BFxCH-questions|FL_260,,traj-902,Low Responsibility,Low Responsibility,High confidence,1,1,0,1,1,0,1,1,0,1,1,0,1,1,0,902,"at the begining i found the wording confusing, but as time goes on it was gettinhg familliar to me to understand.",not at all.,39,Republican Party,,Female,,City or urban community,,Missouri,"High school degree or equivalent (e.g., GED)",White,Catholicism,
R_1BgjKmJSP1KdCN3,1710,67f09a34529886aa3bddde4b,1,partial,1-CF,0,1,HPxCH,factual-cf-agent1-partial-biased_0-TRxCH-questions|factual-cf-agent1-partial-biased_0-TRxTR-questions|factual-cf-agent1-partial-biased_0-HPxTR-questions|factual-cf-agent1-partial-biased_0-HPxCH-questions |factual-cf-agent1-partial-biased_0-BFxCH-questions|FL_260,,traj-389-1,Low Responsibility,High Responsibility,High confidence,1,1,0.5,1,1,0.5,1,1,0.5,1,1,0.5,1,1,0.5,389,"at the begining i found the wording confusing, but as time goes on it was gettinhg familliar to me to understand.",not at all.,40,Republican Party,,Female,,City or urban community,,Missouri,"High school degree or equivalent (e.g., GED)",White,Catholicism,
R_1BgjKmJSP1KdCN3,1710,67f09a34529886aa3bddde4b,1,partial,1-CF,0,1,BFxCH,factual-cf-agent1-partial-biased_0-TRxCH-questions|factual-cf-agent1-partial-biased_0-TRxTR-questions|factual-cf-agent1-partial-biased_0-HPxTR-questions|factual-cf-agent1-partial-biased_0-HPxCH-questions |factual-cf-agent1-partial-biased_0-BFxCH-questions|FL_260,,traj-60,High Responsibility,Low Responsibility,High confidence,1,1,0.5,1,1,0.5,1,1,0.5,0.5,0.5,0,1,1,0.5,60,"at the begining i found the wording confusing, but as time goes on it was gettinhg familliar to me to understand.",not at all.,41,Republican Party,,Female,,City or urban community,,Missouri,"High school degree or equivalent (e.g., GED)",White,Catholicism,
R_1JEfTHx4GU7NXaN,1599,677ae65331aabbf95a6cf744,0,partial,factual,0,none,TRxCH,FL_280|factual-partial-biased_0-TRxCH-questions|factual-partial-biased_0-BFxCH-questions|factual-partial-biased_0-HPxCH-questions|factual-partial-biased_0-HPxTR-questions|factual-partial-biased_0-TRxTR-questions,,traj-636,Medium Responsibility,Low Responsibility,Medium confidence,1,0.5,0,1,0.5,0,1,0.5,0,1,0.5,0,1,0.5,0,636,The wording is very Clear,Fun,24,Democratic Party,,Male,,City or urban community,,Maryland,Graduate degree,White,Catholicism,
R_1JEfTHx4GU7NXaN,1599,677ae65331aabbf95a6cf744,0,partial,factual,0,none,BFxCH,FL_280|factual-partial-biased_0-TRxCH-questions|factual-partial-biased_0-BFxCH-questions|factual-partial-biased_0-HPxCH-questions|factual-partial-biased_0-HPxTR-questions|factual-partial-biased_0-TRxTR-questions,,traj-80,Medium Responsibility,Low Responsibility,Medium confidence,0.5,0.5,0.5,0.5,0.5,0.5,0.5,0.5,0.5,0.5,0.5,0.5,0.5,0.5,0.5,80,The wording is very Clear,Fun,25,Democratic Party,,Male,,City or urban community,,Maryland,Graduate degree,White,Catholicism,
R_1JEfTHx4GU7NXaN,1599,677ae65331aabbf95a6cf744,0,partial,factual,0,none,HPxCH,FL_280|factual-partial-biased_0-TRxCH-questions|factual-partial-biased_0-BFxCH-questions|factual-partial-biased_0-HPxCH-questions|factual-partial-biased_0-HPxTR-questions|factual-partial-biased_0-TRxTR-questions,,traj-199,High Responsibility,Medium Responsibility,High confidence,1,0.5,1,1,0.5,1,1,0.5,1,0.5,0.5,0.5,1,0.5,1,199,The wording is very Clear,Fun,26,Democratic Party,,Male,,City or urban community,,Maryland,Graduate degree,White,Catholicism,
R_1JEfTHx4GU7NXaN,1599,677ae65331aabbf95a6cf744,0,partial,factual,0,none,HPxTR,FL_280|factual-partial-biased_0-TRxCH-questions|factual-partial-biased_0-BFxCH-questions|factual-partial-biased_0-HPxCH-questions|factual-partial-biased_0-HPxTR-questions|factual-partial-biased_0-TRxTR-questions,,traj-55,High Responsibility,Low Responsibility,Medium confidence,1,0,1,1,0,1,1,0,1,1,0,1,1,0,1,55,The wording is very Clear,Fun,27,Democratic Party,,Male,,City or urban community,,Maryland,Graduate degree,White,Catholicism,
R_1JEfTHx4GU7NXaN,1599,677ae65331aabbf95a6cf744,0,partial,factual,0,none,TRxTR,FL_280|factual-partial-biased_0-TRxCH-questions|factual-partial-biased_0-BFxCH-questions|factual-partial-biased_0-HPxCH-questions|factual-partial-biased_0-HPxTR-questions|factual-partial-biased_0-TRxTR-questions,,traj-173,High Responsibility,Low Responsibility,Medium confidence,0.5,0.5,0,0.5,0.5,0,0.5,0.5,0,0.5,0.5,0,0.5,0.5,0,173,The wording is very Clear,Fun,28,Democratic Party,,Male,,City or urban community,,Maryland,Graduate degree,White,Catholicism,
R_3OTdjQ6jllEv0AN,2361,674f468ca727e70b1c767c21,1,full,1-CF,none,0,TRxCH,factual-cf-agent0-full-biased_none-TRxCH-questions|factual-cf-agent0-full-biased_none-TRxTR-questions|factual-cf-agent0-full-biased_none-HPxTR-questions|factual-cf-agent0-full-biased_none-BFxCH-questions|factual-cf-agent0-full-biased_none-HPxCH-questions|FL_268,,traj-734-1,High Responsibility,High Responsibility,High confidence,1,1,1,1,1,1,1,1,1,1,1,1,1,1,1,734,everything is clear,i enjoyed your game,28,Republican Party,,Male,,Suburban community,,Texas,Bachelor degree,White,Protestantism,
R_3OTdjQ6jllEv0AN,2361,674f468ca727e70b1c767c21,1,full,1-CF,none,0,TRxTR,factual-cf-agent0-full-biased_none-TRxCH-questions|factual-cf-agent0-full-biased_none-TRxTR-questions|factual-cf-agent0-full-biased_none-HPxTR-questions|factual-cf-agent0-full-biased_none-BFxCH-questions|factual-cf-agent0-full-biased_none-HPxCH-questions|FL_268,,traj-105,High Responsibility,Low Responsibility,High confidence,1,1,0.5,1,1,0.5,1,1,0.5,1,1,0.5,1,1,0.5,105,everything is clear,i enjoyed your game,29,Republican Party,,Male,,Suburban community,,Texas,Bachelor degree,White,Protestantism,
R_3OTdjQ6jllEv0AN,2361,674f468ca727e70b1c767c21,1,full,1-CF,none,0,HPxTR,factual-cf-agent0-full-biased_none-TRxCH-questions|factual-cf-agent0-full-biased_none-TRxTR-questions|factual-cf-agent0-full-biased_none-HPxTR-questions|factual-cf-agent0-full-biased_none-BFxCH-questions|factual-cf-agent0-full-biased_none-HPxCH-questions|FL_268,,traj-754,Low Responsibility,Low Responsibility,High confidence,1,1,0,1,1,0,1,1,0,1,1,0,1,1,0,754,everything is clear,i enjoyed your game,30,Republican Party,,Male,,Suburban community,,Texas,Bachelor degree,White,Protestantism,
R_3OTdjQ6jllEv0AN,2361,674f468ca727e70b1c767c21,1,full,1-CF,none,0,BFxCH,factual-cf-agent0-full-biased_none-TRxCH-questions|factual-cf-agent0-full-biased_none-TRxTR-questions|factual-cf-agent0-full-biased_none-HPxTR-questions|factual-cf-agent0-full-biased_none-BFxCH-questions|factual-cf-agent0-full-biased_none-HPxCH-questions|FL_268,,traj-702,Low Responsibility,Low Responsibility,High confidence,1,1,0,1,1,0,1,1,0,1,1,0,1,1,0,702,everything is clear,i enjoyed your game,31,Republican Party,,Male,,Suburban community,,Texas,Bachelor degree,White,Protestantism,
R_3OTdjQ6jllEv0AN,2361,674f468ca727e70b1c767c21,1,full,1-CF,none,0,HPxCH,factual-cf-agent0-full-biased_none-TRxCH-questions|factual-cf-agent0-full-biased_none-TRxTR-questions|factual-cf-agent0-full-biased_none-HPxTR-questions|factual-cf-agent0-full-biased_none-BFxCH-questions|factual-cf-agent0-full-biased_none-HPxCH-questions|FL_268,,traj-228,High Responsibility,Medium Responsibility,High confidence,1,1,0.5,1,1,0.5,1,1,0.5,1,1,0.5,1,1,0.5,228,everything is clear,i enjoyed your game,32,Republican Party,,Male,,Suburban community,,Texas,Bachelor degree,White,Protestantism,
R_6dYuCy5GuXiLAOi,2907,6595b73546b2341b46337789,0,full,factual,1,none, ,factual-full-biased_1-questions,692|QID777|855|QID778|218|QID779|287-1|QID780|628|QID781,692,High Responsibility,High Responsibility,High confidence,1,1,1,1,1,1,1,1,1,1,1,1,1,1,1,692,"By the end of the survey, I cannot recall if the instructions had explicitly stated whether the players were able to see which cards were being chosen before they locked in their choice or if they could only see other cards chosen after a selection had been made by everyone. The reminder could have helped to carry along the way since reading the entirety of the game was very well presented, it took a few times to feel comfortable with reading the info. I feel like that pushed back small details of the rules to the back of my mind, but knowing when everyone knew everyone else's decision and if the teams were able to communicate their choices in each round would have also been a helpful reminder along the way.",Nothing else to note.,29,Democratic Party,,Female,,Suburban community,,California,Some college but no degree,"Spanish, Hispanic, or Latino,Asian",No religion,
R_6dYuCy5GuXiLAOi,2907,6595b73546b2341b46337789,0,full,factual,1,none, ,factual-full-biased_1-questions,692|QID777|855|QID778|218|QID779|287-1|QID780|628|QID781,855,High Responsibility,High Responsibility,High confidence,1,1,1,1,1,1,1,1,1,1,1,1,1,1,1,855,"By the end of the survey, I cannot recall if the instructions had explicitly stated whether the players were able to see which cards were being chosen before they locked in their choice or if they could only see other cards chosen after a selection had been made by everyone. The reminder could have helped to carry along the way since reading the entirety of the game was very well presented, it took a few times to feel comfortable with reading the info. I feel like that pushed back small details of the rules to the back of my mind, but knowing when everyone knew everyone else's decision and if the teams were able to communicate their choices in each round would have also been a helpful reminder along the way.",Nothing else to note.,30,Democratic Party,,Female,,Suburban community,,California,Some college but no degree,"Spanish, Hispanic, or Latino,Asian",No religion,
R_6dYuCy5GuXiLAOi,2907,6595b73546b2341b46337789,0,full,factual,1,none, ,factual-full-biased_1-questions,692|QID777|855|QID778|218|QID779|287-1|QID780|628|QID781,218,High Responsibility,High Responsibility,High confidence,1,1,1,1,1,1,1,1,1,1,1,1,1,1,1,218,"By the end of the survey, I cannot recall if the instructions had explicitly stated whether the players were able to see which cards were being chosen before they locked in their choice or if they could only see other cards chosen after a selection had been made by everyone. The reminder could have helped to carry along the way since reading the entirety of the game was very well presented, it took a few times to feel comfortable with reading the info. I feel like that pushed back small details of the rules to the back of my mind, but knowing when everyone knew everyone else's decision and if the teams were able to communicate their choices in each round would have also been a helpful reminder along the way.",Nothing else to note.,31,Democratic Party,,Female,,Suburban community,,California,Some college but no degree,"Spanish, Hispanic, or Latino,Asian",No religion,
R_6dYuCy5GuXiLAOi,2907,6595b73546b2341b46337789,0,full,factual,1,none, ,factual-full-biased_1-questions,692|QID777|855|QID778|218|QID779|287-1|QID780|628|QID781,287-1,High Responsibility,High Responsibility,High confidence,1,1,1,1,1,1,1,1,1,0.5,0.5,0,1,1,1,287,"By the end of the survey, I cannot recall if the instructions had explicitly stated whether the players were able to see which cards were being chosen before they locked in their choice or if they could only see other cards chosen after a selection had been made by everyone. The reminder could have helped to carry along the way since reading the entirety of the game was very well presented, it took a few times to feel comfortable with reading the info. I feel like that pushed back small details of the rules to the back of my mind, but knowing when everyone knew everyone else's decision and if the teams were able to communicate their choices in each round would have also been a helpful reminder along the way.",Nothing else to note.,32,Democratic Party,,Female,,Suburban community,,California,Some college but no degree,"Spanish, Hispanic, or Latino,Asian",No religion,
R_6dYuCy5GuXiLAOi,2907,6595b73546b2341b46337789,0,full,factual,1,none, ,factual-full-biased_1-questions,692|QID777|855|QID778|218|QID779|287-1|QID780|628|QID781,628,Low Responsibility,Low Responsibility,Medium confidence,1,1,0,1,1,0,1,1,0,1,1,0,1,1,0,628,"By the end of the survey, I cannot recall if the instructions had explicitly stated whether the players were able to see which cards were being chosen before they locked in their choice or if they could only see other cards chosen after a selection had been made by everyone. The reminder could have helped to carry along the way since reading the entirety of the game was very well presented, it took a few times to feel comfortable with reading the info. I feel like that pushed back small details of the rules to the back of my mind, but knowing when everyone knew everyone else's decision and if the teams were able to communicate their choices in each round would have also been a helpful reminder along the way.",Nothing else to note.,33,Democratic Party,,Female,,Suburban community,,California,Some college but no degree,"Spanish, Hispanic, or Latino,Asian",No religion,
R_31so85xblcHwIUR,1657,673866d619c95d7829fc3142,0,full,factual,0,none, ,factual-full-biased_0-questions,670|QID747|1|QID748|124|QID749|796|QID750|326|QID751,670,High Responsibility,Medium Responsibility,High confidence,1,1,0.5,1,1,0.5,1,1,0.5,1,1,0.5,1,1,0.5,670,nothing,good,32,Republican Party,,Female,,City or urban community,,,Graduate degree,White,Catholicism,
R_31so85xblcHwIUR,1657,673866d619c95d7829fc3142,0,full,factual,0,none, ,factual-full-biased_0-questions,670|QID747|1|QID748|124|QID749|796|QID750|326|QID751,1,High Responsibility,Medium Responsibility,High confidence,1,1,0.5,1,1,0.5,1,1,0.5,1,1,0.5,1,1,0.5,1,nothing,good,33,Republican Party,,Female,,City or urban community,,,Graduate degree,White,Catholicism,
R_31so85xblcHwIUR,1657,673866d619c95d7829fc3142,0,full,factual,0,none, ,factual-full-biased_0-questions,670|QID747|1|QID748|124|QID749|796|QID750|326|QID751,124,High Responsibility,Medium Responsibility,High confidence,1,1,0.5,1,1,0.5,1,1,0.5,1,1,0.5,1,1,0.5,124,nothing,good,34,Republican Party,,Female,,City or urban community,,,Graduate degree,White,Catholicism,
R_31so85xblcHwIUR,1657,673866d619c95d7829fc3142,0,full,factual,0,none, ,factual-full-biased_0-questions,670|QID747|1|QID748|124|QID749|796|QID750|326|QID751,796,High Responsibility,Medium Responsibility,High confidence,1,1,0.5,1,1,0.5,1,1,0.5,1,1,0.5,1,1,0.5,796,nothing,good,35,Republican Party,,Female,,City or urban community,,,Graduate degree,White,Catholicism,
R_31so85xblcHwIUR,1657,673866d619c95d7829fc3142,0,full,factual,0,none, ,factual-full-biased_0-questions,670|QID747|1|QID748|124|QID749|796|QID750|326|QID751,326,High Responsibility,Medium Responsibility,High confidence,1,1,0.5,1,1,0.5,1,1,0.5,1,1,0.5,1,1,0.5,326,nothing,good,36,Republican Party,,Female,,City or urban community,,,Graduate degree,White,Catholicism,
R_1kC932Q5f3Ces0B,2383,677d96de6ffe47737cb9fabc,1,partial,1-CF,both,1,HPxTR,factual-cf-agent1-partial-biased_both-HPxTR-questions|factual-cf-agent1-partial-biased_both-TRxCH-questions|factual-cf-agent1-partial-biased_both-TRxTR-questions|factual-cf-agent1-partial-biased_both-BFxCH-questions|FL_262|factual-cf-agent1-partial-biased_both-HPxCH-questions,,traj-28,Medium Responsibility,Medium Responsibility,Medium confidence,1,1,0,1,1,0,1,1,0,0.5,0.5,1,1,1,0,28,Everything was fine,The study was Fun.,24,Democratic Party,,Female,,City or urban community,,Connecticut,Graduate degree,White,Catholicism,
R_1kC932Q5f3Ces0B,2383,677d96de6ffe47737cb9fabc,1,partial,1-CF,both,1,TRxCH,factual-cf-agent1-partial-biased_both-HPxTR-questions|factual-cf-agent1-partial-biased_both-TRxCH-questions|factual-cf-agent1-partial-biased_both-TRxTR-questions|factual-cf-agent1-partial-biased_both-BFxCH-questions|FL_262|factual-cf-agent1-partial-biased_both-HPxCH-questions,,traj-590-3,Medium Responsibility,Low Responsibility,Medium confidence,1,1,0,0.5,0.5,0.5,1,1,0,0.5,0.5,0.5,1,1,0,590,Everything was fine,The study was Fun.,24,Democratic Party,,Female,,City or urban community,,Connecticut,Graduate degree,White,Catholicism,
R_1kC932Q5f3Ces0B,2383,677d96de6ffe47737cb9fabc,1,partial,1-CF,both,1,TRxTR,factual-cf-agent1-partial-biased_both-HPxTR-questions|factual-cf-agent1-partial-biased_both-TRxCH-questions|factual-cf-agent1-partial-biased_both-TRxTR-questions|factual-cf-agent1-partial-biased_both-BFxCH-questions|FL_262|factual-cf-agent1-partial-biased_both-HPxCH-questions,,traj-494-1,Medium Responsibility,Medium Responsibility,Medium confidence,1,1,0,1,1,0,1,1,0,1,1,0,1,1,0,494,Everything was fine,The study was Fun.,24,Democratic Party,,Female,,City or urban community,,Connecticut,Graduate degree,White,Catholicism,
R_1kC932Q5f3Ces0B,2383,677d96de6ffe47737cb9fabc,1,partial,1-CF,both,1,BFxCH,factual-cf-agent1-partial-biased_both-HPxTR-questions|factual-cf-agent1-partial-biased_both-TRxCH-questions|factual-cf-agent1-partial-biased_both-TRxTR-questions|factual-cf-agent1-partial-biased_both-BFxCH-questions|FL_262|factual-cf-agent1-partial-biased_both-HPxCH-questions,,traj-212,Medium Responsibility,Medium Responsibility,Medium confidence,0.5,0.5,1,0.5,0.5,1,0.5,0.5,1,0.5,0.5,1,0.5,0.5,1,212,Everything was fine,The study was Fun.,24,Democratic Party,,Female,,City or urban community,,Connecticut,Graduate degree,White,Catholicism,
R_1kC932Q5f3Ces0B,2383,677d96de6ffe47737cb9fabc,1,partial,1-CF,both,1,HPxCH,factual-cf-agent1-partial-biased_both-HPxTR-questions|factual-cf-agent1-partial-biased_both-TRxCH-questions|factual-cf-agent1-partial-biased_both-TRxTR-questions|factual-cf-agent1-partial-biased_both-BFxCH-questions|FL_262|factual-cf-agent1-partial-biased_both-HPxCH-questions,,traj-659-1,Medium Responsibility,Medium Responsibility,Medium confidence,0.5,0.5,1,0.5,0.5,1,0.5,0.5,1,0.5,0.5,1,0.5,0.5,1,659,Everything was fine,The study was Fun.,24,Democratic Party,,Female,,City or urban community,,Connecticut,Graduate degree,White,Catholicism,
R_1ElXQCKa8Ddrnpc,1081,67e4b9da1171c20d55663620,1,full,1-CF,both,1,TRxTR,factual-cf-agent1-full-biased_both-TRxTR-questions|factual-cf-agent1-full-biased_both-HPxCH-questions|FL_272|factual-cf-agent1-full-biased_both-TRxCH-questions|factual-cf-agent1-full-biased_both-HPxTR-questions|factual-cf-agent1-full-biased_both-BFxCH-questions,,traj-780,Medium Responsibility,Low Responsibility,Low confidence,0.5,0.5,0.5,0.5,0.5,0.5,0.5,0.5,0.5,0.5,0.5,0.5,0.5,0.5,0.5,780,"There are some wordings that are confusing, making it hard to determine the outcome",,36,Republican Party,,Male,,Suburban community,,Michigan,Graduate degree,Black or African-American,Catholicism,
R_1ElXQCKa8Ddrnpc,1081,67e4b9da1171c20d55663620,1,full,1-CF,both,1,HPxCH,factual-cf-agent1-full-biased_both-TRxTR-questions|factual-cf-agent1-full-biased_both-HPxCH-questions|FL_272|factual-cf-agent1-full-biased_both-TRxCH-questions|factual-cf-agent1-full-biased_both-HPxTR-questions|factual-cf-agent1-full-biased_both-BFxCH-questions,,traj-146,Medium Responsibility,Medium Responsibility,Medium confidence,1,1,0,1,1,0,1,1,0,0.5,0.5,1,1,1,0,146,"There are some wordings that are confusing, making it hard to determine the outcome",,37,Republican Party,,Male,,Suburban community,,Michigan,Graduate degree,Black or African-American,Catholicism,
R_1ElXQCKa8Ddrnpc,1081,67e4b9da1171c20d55663620,1,full,1-CF,both,1,TRxCH,factual-cf-agent1-full-biased_both-TRxTR-questions|factual-cf-agent1-full-biased_both-HPxCH-questions|FL_272|factual-cf-agent1-full-biased_both-TRxCH-questions|factual-cf-agent1-full-biased_both-HPxTR-questions|factual-cf-agent1-full-biased_both-BFxCH-questions,,traj-709,Low Responsibility,Low Responsibility,Medium confidence,0.5,0.5,0,0.5,0.5,0,0.5,0.5,0,0.5,0.5,0,0.5,0.5,0,709,"There are some wordings that are confusing, making it hard to determine the outcome",,38,Republican Party,,Male,,Suburban community,,Michigan,Graduate degree,Black or African-American,Catholicism,
R_1ElXQCKa8Ddrnpc,1081,67e4b9da1171c20d55663620,1,full,1-CF,both,1,HPxTR,factual-cf-agent1-full-biased_both-TRxTR-questions|factual-cf-agent1-full-biased_both-HPxCH-questions|FL_272|factual-cf-agent1-full-biased_both-TRxCH-questions|factual-cf-agent1-full-biased_both-HPxTR-questions|factual-cf-agent1-full-biased_both-BFxCH-questions,,traj-891,High Responsibility,Low Responsibility,Medium confidence,1,1,0.5,1,1,0.5,1,1,0.5,0.5,0.5,0,1,1,0.5,891,"There are some wordings that are confusing, making it hard to determine the outcome",,39,Republican Party,,Male,,Suburban community,,Michigan,Graduate degree,Black or African-American,Catholicism,
R_1ElXQCKa8Ddrnpc,1081,67e4b9da1171c20d55663620,1,full,1-CF,both,1,BFxCH,factual-cf-agent1-full-biased_both-TRxTR-questions|factual-cf-agent1-full-biased_both-HPxCH-questions|FL_272|factual-cf-agent1-full-biased_both-TRxCH-questions|factual-cf-agent1-full-biased_both-HPxTR-questions|factual-cf-agent1-full-biased_both-BFxCH-questions,,traj-455-1,Low Responsibility,Low Responsibility,High confidence,0.5,0.5,0,0.5,0.5,0,0.5,0.5,0,0.5,0.5,0,0.5,0.5,0,455,"There are some wordings that are confusing, making it hard to determine the outcome",,40,Republican Party,,Male,,Suburban community,,Michigan,Graduate degree,Black or African-American,Catholicism,
R_675ocMlh44lo4Rr,3796,67d3d28b74878f07cc0110ec,2,full,2-CF,0,both,TRxTR,factual-cf-both-agents-full-biased_0-TRxTR-questions|factual-cf-both-agents-full-biased_0-BFxCH-questions|factual-cf-both-agents-full-biased_0-HPxCH-questions|FL_275|factual-cf-both-agents-full-biased_0-TRxCH-questions|factual-cf-both-agents-full-biased_0-HPxTR-questions,,traj-108,High Responsibility,High Responsibility,Medium confidence,0.5,0.5,0,0.5,0.5,0,0.5,0.5,0,0.5,0.5,0,0.5,0.5,0,108,it was clear,no comments,25,Republican Party,,Male,,City or urban community,,Alabama,Bachelor degree,White,Other Christian denomination,
R_675ocMlh44lo4Rr,3796,67d3d28b74878f07cc0110ec,2,full,2-CF,0,both,BFxCH,factual-cf-both-agents-full-biased_0-TRxTR-questions|factual-cf-both-agents-full-biased_0-BFxCH-questions|factual-cf-both-agents-full-biased_0-HPxCH-questions|FL_275|factual-cf-both-agents-full-biased_0-TRxCH-questions|factual-cf-both-agents-full-biased_0-HPxTR-questions,,traj-254,Medium Responsibility,Medium Responsibility,Medium confidence,0.5,0.5,1,0.5,0.5,1,0.5,0.5,1,0.5,0.5,1,0.5,0.5,1,254,it was clear,no comments,25,Republican Party,,Male,,City or urban community,,Alabama,Bachelor degree,White,Other Christian denomination,
R_675ocMlh44lo4Rr,3796,67d3d28b74878f07cc0110ec,2,full,2-CF,0,both,HPxCH,factual-cf-both-agents-full-biased_0-TRxTR-questions|factual-cf-both-agents-full-biased_0-BFxCH-questions|factual-cf-both-agents-full-biased_0-HPxCH-questions|FL_275|factual-cf-both-agents-full-biased_0-TRxCH-questions|factual-cf-both-agents-full-biased_0-HPxTR-questions,,traj-246,High Responsibility,High Responsibility,Medium confidence,1,1,1,1,1,1,1,1,1,1,0.5,0.5,1,1,1,246,it was clear,no comments,25,Republican Party,,Male,,City or urban community,,Alabama,Bachelor degree,White,Other Christian denomination,
R_675ocMlh44lo4Rr,3796,67d3d28b74878f07cc0110ec,2,full,2-CF,0,both,TRxCH,factual-cf-both-agents-full-biased_0-TRxTR-questions|factual-cf-both-agents-full-biased_0-BFxCH-questions|factual-cf-both-agents-full-biased_0-HPxCH-questions|FL_275|factual-cf-both-agents-full-biased_0-TRxCH-questions|factual-cf-both-agents-full-biased_0-HPxTR-questions,,traj-972,High Responsibility,High Responsibility,Medium confidence,0.5,1,0.5,0.5,1,0.5,0.5,1,0.5,0.5,0.5,0,0.5,1,0.5,972,it was clear,no comments,25,Republican Party,,Male,,City or urban community,,Alabama,Bachelor degree,White,Other Christian denomination,
R_675ocMlh44lo4Rr,3796,67d3d28b74878f07cc0110ec,2,full,2-CF,0,both,HPxTR,factual-cf-both-agents-full-biased_0-TRxTR-questions|factual-cf-both-agents-full-biased_0-BFxCH-questions|factual-cf-both-agents-full-biased_0-HPxCH-questions|FL_275|factual-cf-both-agents-full-biased_0-TRxCH-questions|factual-cf-both-agents-full-biased_0-HPxTR-questions,,traj-738,High Responsibility,High Responsibility,Medium confidence,0.5,0.5,0,0.5,0.5,0,0.5,0.5,0,0.5,0.5,0,0.5,0.5,0,738,it was clear,no comments,25,Republican Party,,Male,,City or urban community,,Alabama,Bachelor degree,White,Other Christian denomination,
R_70eFN8p2Q7IP9Mn,612,662973533159df515afdd606,0,partial,factual,none,none,HPxTR,factual-partial-biased_none-HPxTR-questions|factual-partial-biased_none-TRxTR-questions|factual-partial-biased_none-TRxCH-questions|FL_283|factual-partial-biased_none-HPxCH-questions|factual-partial-biased_none-BFxCH-questions,,traj-770,Medium Responsibility,Medium Responsibility,Medium confidence,1,1,0,1,1,0,1,1,0,0.5,0.5,1,1,1,0,770,It seems like both of those players were just playing the exact same card as the prize card. Shouldn't they have been playing higher cards to win?,I'm not sure I fully understood the card game but did my best.,45,Independent,,Female,,Rural community,,Arizona,Bachelor degree,White,No religion,
R_70eFN8p2Q7IP9Mn,612,662973533159df515afdd606,0,partial,factual,none,none,TRxTR,factual-partial-biased_none-HPxTR-questions|factual-partial-biased_none-TRxTR-questions|factual-partial-biased_none-TRxCH-questions|FL_283|factual-partial-biased_none-HPxCH-questions|factual-partial-biased_none-BFxCH-questions,,traj-185,Medium Responsibility,Medium Responsibility,Medium confidence,1,1,0,1,1,0,1,1,0,1,1,0,1,1,0,185,It seems like both of those players were just playing the exact same card as the prize card. Shouldn't they have been playing higher cards to win?,I'm not sure I fully understood the card game but did my best.,45,Independent,,Female,,Rural community,,Arizona,Bachelor degree,White,No religion,
R_70eFN8p2Q7IP9Mn,612,662973533159df515afdd606,0,partial,factual,none,none,TRxCH,factual-partial-biased_none-HPxTR-questions|factual-partial-biased_none-TRxTR-questions|factual-partial-biased_none-TRxCH-questions|FL_283|factual-partial-biased_none-HPxCH-questions|factual-partial-biased_none-BFxCH-questions,,traj-579,Medium Responsibility,Medium Responsibility,Medium confidence,1,1,0,1,1,0,1,1,0,1,1,0,1,1,0,579,It seems like both of those players were just playing the exact same card as the prize card. Shouldn't they have been playing higher cards to win?,I'm not sure I fully understood the card game but did my best.,45,Independent,,Female,,Rural community,,Arizona,Bachelor degree,White,No religion,
R_70eFN8p2Q7IP9Mn,612,662973533159df515afdd606,0,partial,factual,none,none,HPxCH,factual-partial-biased_none-HPxTR-questions|factual-partial-biased_none-TRxTR-questions|factual-partial-biased_none-TRxCH-questions|FL_283|factual-partial-biased_none-HPxCH-questions|factual-partial-biased_none-BFxCH-questions,,traj-725,Medium Responsibility,Medium Responsibility,Medium confidence,1,1,0,1,1,0,1,1,0,1,1,0,1,1,0,725,It seems like both of those players were just playing the exact same card as the prize card. Shouldn't they have been playing higher cards to win?,I'm not sure I fully understood the card game but did my best.,45,Independent,,Female,,Rural community,,Arizona,Bachelor degree,White,No religion,
R_70eFN8p2Q7IP9Mn,612,662973533159df515afdd606,0,partial,factual,none,none,BFxCH,factual-partial-biased_none-HPxTR-questions|factual-partial-biased_none-TRxTR-questions|factual-partial-biased_none-TRxCH-questions|FL_283|factual-partial-biased_none-HPxCH-questions|factual-partial-biased_none-BFxCH-questions,,traj-394,Medium Responsibility,Medium Responsibility,Medium confidence,1,1,0,1,1,0,1,1,0,1,1,0,1,1,0,394,It seems like both of those players were just playing the exact same card as the prize card. Shouldn't they have been playing higher cards to win?,I'm not sure I fully understood the card game but did my best.,45,Independent,,Female,,Rural community,,Arizona,Bachelor degree,White,No religion,
R_5egDxbM0ejWPYel,2582,67f3ebc9b1c18829c50476af,2,full,2-CF,none,both,HPxCH,factual-cf-both-agents-full-biased_none-HPxCH-questions|factual-cf-both-agents-full-biased_none-HPxTR-questions|FL_278|factual-cf-both-agents-full-biased_none-TRxTR-questions|factual-cf-both-agents-full-biased_none-BFxCH-questions|factual-cf-both-agents-full-biased_none-TRxCH-questions,,traj-644,High Responsibility,Medium Responsibility,High confidence,1,1,0.5,1,1,0.5,1,1,0.5,1,1,0.5,1,1,0.5,644,very clear,None. The survey was thought-provoking.,52,Republican Party,,Female,,"City or urban community,Suburban community",,California,Graduate degree,White,Catholicism,
R_5egDxbM0ejWPYel,2582,67f3ebc9b1c18829c50476af,2,full,2-CF,none,both,HPxTR,factual-cf-both-agents-full-biased_none-HPxCH-questions|factual-cf-both-agents-full-biased_none-HPxTR-questions|FL_278|factual-cf-both-agents-full-biased_none-TRxTR-questions|factual-cf-both-agents-full-biased_none-BFxCH-questions|factual-cf-both-agents-full-biased_none-TRxCH-questions,,traj-115,High Responsibility,Medium Responsibility,High confidence,1,1,0.5,1,1,0.5,1,1,0.5,1,1,0.5,1,1,0.5,115,very clear,None. The survey was thought-provoking.,52,Republican Party,,Female,,"City or urban community,Suburban community",,California,Graduate degree,White,Catholicism,
R_5egDxbM0ejWPYel,2582,67f3ebc9b1c18829c50476af,2,full,2-CF,none,both,TRxTR,factual-cf-both-agents-full-biased_none-HPxCH-questions|factual-cf-both-agents-full-biased_none-HPxTR-questions|FL_278|factual-cf-both-agents-full-biased_none-TRxTR-questions|factual-cf-both-agents-full-biased_none-BFxCH-questions|factual-cf-both-agents-full-biased_none-TRxCH-questions,,traj-795,High Responsibility,Medium Responsibility,High confidence,1,1,0.5,1,1,0.5,1,1,0.5,1,1,0.5,1,1,0.5,795,very clear,None. The survey was thought-provoking.,52,Republican Party,,Female,,"City or urban community,Suburban community",,California,Graduate degree,White,Catholicism,
R_5egDxbM0ejWPYel,2582,67f3ebc9b1c18829c50476af,2,full,2-CF,none,both,BFxCH,factual-cf-both-agents-full-biased_none-HPxCH-questions|factual-cf-both-agents-full-biased_none-HPxTR-questions|FL_278|factual-cf-both-agents-full-biased_none-TRxTR-questions|factual-cf-both-agents-full-biased_none-BFxCH-questions|factual-cf-both-agents-full-biased_none-TRxCH-questions,,traj-631,High Responsibility,Medium Responsibility,High confidence,1,1,0.5,1,1,0.5,1,1,0.5,0.5,0.5,0.5,1,1,0.5,631,very clear,None. The survey was thought-provoking.,52,Republican Party,,Female,,"City or urban community,Suburban community",,California,Graduate degree,White,Catholicism,
R_5egDxbM0ejWPYel,2582,67f3ebc9b1c18829c50476af,2,full,2-CF,none,both,TRxCH,factual-cf-both-agents-full-biased_none-HPxCH-questions|factual-cf-both-agents-full-biased_none-HPxTR-questions|FL_278|factual-cf-both-agents-full-biased_none-TRxTR-questions|factual-cf-both-agents-full-biased_none-BFxCH-questions|factual-cf-both-agents-full-biased_none-TRxCH-questions,,traj-761-2,Medium Responsibility,Medium Responsibility,Medium confidence,1,1,0,1,1,0,1,1,0,1,1,0,1,1,0,761,very clear,None. The survey was thought-provoking.,52,Republican Party,,Female,,"City or urban community,Suburban community",,California,Graduate degree,White,Catholicism,
R_7DNJiQ5WsmdvePL,2618,67df76ba4f2ad34fbc5abf99,0,full,factual,both,none, ,factual-full-biased_both-questions,337|QID807|778-1|QID808|428-1|QID809|242|QID810|700|QID811,337,Low Responsibility,Low Responsibility,High confidence,1,1,0,1,1,0,1,1,0,1,1,0,1,1,0,337,"Yes, the wording was clear",,41,Republican Party,,Male,,Suburban community,,California,Graduate degree,White,Catholicism,
R_7DNJiQ5WsmdvePL,2618,67df76ba4f2ad34fbc5abf99,0,full,factual,both,none, ,factual-full-biased_both-questions,337|QID807|778-1|QID808|428-1|QID809|242|QID810|700|QID811,778-1,Low Responsibility,Low Responsibility,High confidence,1,1,0,1,1,0,1,1,0,1,1,0,1,1,0,778,"Yes, the wording was clear",,41,Republican Party,,Male,,Suburban community,,California,Graduate degree,White,Catholicism,
R_7DNJiQ5WsmdvePL,2618,67df76ba4f2ad34fbc5abf99,0,full,factual,both,none, ,factual-full-biased_both-questions,337|QID807|778-1|QID808|428-1|QID809|242|QID810|700|QID811,428-1,Medium Responsibility,Medium Responsibility,Medium confidence,1,1,0,1,1,0,1,1,0,1,1,0,1,1,0,428,"Yes, the wording was clear",,41,Republican Party,,Male,,Suburban community,,California,Graduate degree,White,Catholicism,
R_7DNJiQ5WsmdvePL,2618,67df76ba4f2ad34fbc5abf99,0,full,factual,both,none, ,factual-full-biased_both-questions,337|QID807|778-1|QID808|428-1|QID809|242|QID810|700|QID811,242,Medium Responsibility,Medium Responsibility,High confidence,1,1,0,1,1,0,1,1,0,1,1,0,1,1,0,242,"Yes, the wording was clear",,41,Republican Party,,Male,,Suburban community,,California,Graduate degree,White,Catholicism,
R_7DNJiQ5WsmdvePL,2618,67df76ba4f2ad34fbc5abf99,0,full,factual,both,none, ,factual-full-biased_both-questions,337|QID807|778-1|QID808|428-1|QID809|242|QID810|700|QID811,700,Medium Responsibility,Medium Responsibility,High confidence,1,1,0,1,1,0,1,1,0,1,1,0,1,1,0,700,"Yes, the wording was clear",,41,Republican Party,,Male,,Suburban community,,California,Graduate degree,White,Catholicism,
R_3nouxQSAMF4YTVo,2474,67e9a18e6b301c493eb40e10,0,full,factual,both,none, ,factual-full-biased_both-questions,185-1|QID807|338|QID808|350|QID809|218-1|QID810|633|QID811,185-1,Medium Responsibility,Medium Responsibility,Medium confidence,1,1,0,1,1,0,1,1,0,1,1,0,1,1,0,185,The wording were a bit confusing at the beginning but when understood they started to be clear,no,31,Republican Party,,Other (please specify):,Bisexual,"City or urban community,Suburban community",,Virginia,Bachelor degree,White,Catholicism,
R_3nouxQSAMF4YTVo,2474,67e9a18e6b301c493eb40e10,0,full,factual,both,none, ,factual-full-biased_both-questions,185-1|QID807|338|QID808|350|QID809|218-1|QID810|633|QID811,338,Medium Responsibility,High Responsibility,Medium confidence,1,1,0.5,1,1,0.5,1,1,0.5,1,1,0.5,1,1,0.5,338,The wording were a bit confusing at the beginning but when understood they started to be clear,no,31,Republican Party,,Other (please specify):,Bisexual,"City or urban community,Suburban community",,Virginia,Bachelor degree,White,Catholicism,
R_3nouxQSAMF4YTVo,2474,67e9a18e6b301c493eb40e10,0,full,factual,both,none, ,factual-full-biased_both-questions,185-1|QID807|338|QID808|350|QID809|218-1|QID810|633|QID811,350,Medium Responsibility,Medium Responsibility,High confidence,1,1,0,1,1,0,1,1,0,1,1,0,1,1,0,350,The wording were a bit confusing at the beginning but when understood they started to be clear,no,31,Republican Party,,Other (please specify):,Bisexual,"City or urban community,Suburban community",,Virginia,Bachelor degree,White,Catholicism,
R_3nouxQSAMF4YTVo,2474,67e9a18e6b301c493eb40e10,0,full,factual,both,none, ,factual-full-biased_both-questions,185-1|QID807|338|QID808|350|QID809|218-1|QID810|633|QID811,218-1,High Responsibility,High Responsibility,Medium confidence,1,1,1,1,1,1,1,1,1,1,1,1,1,1,1,218,The wording were a bit confusing at the beginning but when understood they started to be clear,no,31,Republican Party,,Other (please specify):,Bisexual,"City or urban community,Suburban community",,Virginia,Bachelor degree,White,Catholicism,
R_3nouxQSAMF4YTVo,2474,67e9a18e6b301c493eb40e10,0,full,factual,both,none, ,factual-full-biased_both-questions,185-1|QID807|338|QID808|350|QID809|218-1|QID810|633|QID811,633,High Responsibility,Medium Responsibility,Medium confidence,1,1,0.5,1,1,0.5,1,1,0.5,1,1,0.5,1,1,0.5,633,The wording were a bit confusing at the beginning but when understood they started to be clear,no,31,Republican Party,,Other (please specify):,Bisexual,"City or urban community,Suburban community",,Virginia,Bachelor degree,White,Catholicism,
R_5q4U6d5Y9am8ciJ,3450,67f9722fd2d17998fba0aefc,2,full,2-CF,both,both,HPxTR,factual-cf-both-agents-full-biased_both-HPxTR-questions|factual-cf-both-agents-full-biased_both-BFxCH-questions|FL_277|factual-cf-both-agents-full-biased_both-HPxCH-questions|factual-cf-both-agents-full-biased_both-TRxCH-questions|factual-cf-both-agents-full-biased_both-TRxTR-questions,,traj-891-2,High Responsibility,High Responsibility,High confidence,1,1,1,1,1,1,1,1,1,0.5,0.5,0,1,1,1,891,The wording was quite clear.,No comments.,19,Republican Party,,Male,,City or urban community,,Tennessee,Bachelor degree,Black or African-American,Protestantism,
R_5q4U6d5Y9am8ciJ,3450,67f9722fd2d17998fba0aefc,2,full,2-CF,both,both,BFxCH,factual-cf-both-agents-full-biased_both-HPxTR-questions|factual-cf-both-agents-full-biased_both-BFxCH-questions|FL_277|factual-cf-both-agents-full-biased_both-HPxCH-questions|factual-cf-both-agents-full-biased_both-TRxCH-questions|factual-cf-both-agents-full-biased_both-TRxTR-questions,,traj-28-1,High Responsibility,High Responsibility,High confidence,1,1,1,1,1,1,1,1,1,0.5,0.5,0,1,1,1,28,The wording was quite clear.,No comments.,19,Republican Party,,Male,,City or urban community,,Tennessee,Bachelor degree,Black or African-American,Protestantism,
R_5q4U6d5Y9am8ciJ,3450,67f9722fd2d17998fba0aefc,2,full,2-CF,both,both,HPxCH,factual-cf-both-agents-full-biased_both-HPxTR-questions|factual-cf-both-agents-full-biased_both-BFxCH-questions|FL_277|factual-cf-both-agents-full-biased_both-HPxCH-questions|factual-cf-both-agents-full-biased_both-TRxCH-questions|factual-cf-both-agents-full-biased_both-TRxTR-questions,,traj-594-1,High Responsibility,High Responsibility,High confidence,0.5,0.5,0,0.5,0.5,0,0.5,0.5,0,0.5,0.5,0,0.5,0.5,0,594,The wording was quite clear.,No comments.,19,Republican Party,,Male,,City or urban community,,Tennessee,Bachelor degree,Black or African-American,Protestantism,
R_5q4U6d5Y9am8ciJ,3450,67f9722fd2d17998fba0aefc,2,full,2-CF,both,both,TRxCH,factual-cf-both-agents-full-biased_both-HPxTR-questions|factual-cf-both-agents-full-biased_both-BFxCH-questions|FL_277|factual-cf-both-agents-full-biased_both-HPxCH-questions|factual-cf-both-agents-full-biased_both-TRxCH-questions|factual-cf-both-agents-full-biased_both-TRxTR-questions,,traj-514,High Responsibility,High Responsibility,High confidence,1,1,1,1,1,1,1,1,1,1,1,1,1,1,1,514,The wording was quite clear.,No comments.,19,Republican Party,,Male,,City or urban community,,Tennessee,Bachelor degree,Black or African-American,Protestantism,
R_5q4U6d5Y9am8ciJ,3450,67f9722fd2d17998fba0aefc,2,full,2-CF,both,both,TRxTR,factual-cf-both-agents-full-biased_both-HPxTR-questions|factual-cf-both-agents-full-biased_both-BFxCH-questions|FL_277|factual-cf-both-agents-full-biased_both-HPxCH-questions|factual-cf-both-agents-full-biased_both-TRxCH-questions|factual-cf-both-agents-full-biased_both-TRxTR-questions,,traj-391-1,High Responsibility,High Responsibility,High confidence,0.5,0.5,0,0.5,0.5,0,0.5,0.5,0,0.5,0.5,0,0.5,0.5,0,391,The wording was quite clear.,No comments.,19,Republican Party,,Male,,City or urban community,,Tennessee,Bachelor degree,Black or African-American,Protestantism,